Date,Home Price Affordability Median HHI,Home Price Affordability 25% HHI,Home Price Affordability 75% HHI,Median Home Price
1971-04-15,0.78,1.5,0.51,25807.94
1971-05-15,0.79,1.52,0.51,25996.93
1971-06-15,0.8,1.54,0.52,26269.92
1971-07-15,0.81,1.56,0.53,26311.92
1971-08-15,0.81,1.55,0.53,26395.91
1971-09-15,0.8,1.54,0.52,26458.91
1971-10-15,0.8,1.54,0.52,26542.91
1971-11-15,0.8,1.53,0.52,26752.9
1971-12-15,0.79,1.52,0.51,26815.9
1972-01-15,0.78,1.5,0.5,26899.89
1972-02-15,0.77,1.49,0.5,26962.89
1972-03-15,0.76,1.47,0.49,26941.89
1972-04-15,0.77,1.48,0.49,26983.89
1972-05-15,0.77,1.48,0.49,27067.88
1972-06-15,0.77,1.49,0.5,27235.88
1972-07-15,0.78,1.5,0.5,27508.87
1972-08-15,0.78,1.5,0.5,27613.86
1972-09-15,0.77,1.48,0.49,27592.86
1972-10-15,0.76,1.47,0.49,27571.86
1972-11-15,0.76,1.48,0.49,27592.86
1972-12-15,0.76,1.47,0.49,27613.86
1973-01-15,0.74,1.44,0.48,27550.86
1973-02-15,0.74,1.44,0.47,27550.86
1973-03-15,0.74,1.44,0.48,27571.86
1973-04-15,0.74,1.44,0.47,27571.86
1973-05-15,0.75,1.45,0.48,27634.86
1973-06-15,0.75,1.45,0.48,27697.86
1973-07-15,0.77,1.49,0.49,27676.86
1973-08-15,0.8,1.55,0.51,27928.85
1973-09-15,0.8,1.55,0.51,28033.84
1973-10-15,0.79,1.54,0.51,28243.84
1973-11-15,0.79,1.53,0.51,28369.83
1973-12-15,0.79,1.54,0.51,28558.82
1974-01-15,0.79,1.52,0.5,28789.81
1974-02-15,0.79,1.51,0.5,29020.8
1974-03-15,0.79,1.52,0.51,29335.79
1974-04-15,0.81,1.55,0.52,29440.79
1974-05-15,0.82,1.57,0.52,29587.78
1974-06-15,0.82,1.58,0.52,29755.77
1974-07-15,0.84,1.62,0.54,29902.77
1974-08-15,0.87,1.66,0.55,30175.76
1974-09-15,0.87,1.67,0.56,30469.74
1974-10-15,0.87,1.67,0.55,30721.73
1974-11-15,0.87,1.66,0.55,30952.72
1974-12-15,0.87,1.66,0.55,31435.7
1975-01-15,0.88,1.71,0.55,32033.5
1975-02-15,0.86,1.68,0.54,32086.75
1975-03-15,0.85,1.65,0.54,32169.16
1975-04-15,0.85,1.65,0.54,32222.41
1975-05-15,0.85,1.66,0.54,32318.77
1975-06-15,0.84,1.64,0.53,32298.49
1975-07-15,0.84,1.65,0.53,32472.18
1975-08-15,0.85,1.66,0.54,32664.89
1975-09-15,0.86,1.67,0.54,32994.54
1975-10-15,0.87,1.69,0.55,33239.23
1975-11-15,0.86,1.68,0.54,33475.05
1975-12-15,0.86,1.68,0.54,33570.14
1976-01-15,0.83,1.62,0.52,33693.12
1976-02-15,0.82,1.6,0.52,33757.78
1976-03-15,0.83,1.61,0.52,34054.46
1976-04-15,0.83,1.62,0.52,34395.51
1976-05-15,0.84,1.63,0.53,34801.22
1976-06-15,0.84,1.64,0.53,34908.99
1976-07-15,0.85,1.66,0.54,35196.79
1976-08-15,0.85,1.66,0.54,35426.27
1976-09-15,0.84,1.64,0.53,35681.11
1976-10-15,0.84,1.63,0.53,35797.75
1976-11-15,0.83,1.62,0.52,36005.68
1976-12-15,0.84,1.63,0.53,36304.89
1977-01-15,0.83,1.63,0.52,36606.64
1977-02-15,0.84,1.63,0.52,37036.44
1977-03-15,0.85,1.65,0.53,37566.4
1977-04-15,0.86,1.68,0.54,38234.56
1977-05-15,0.87,1.7,0.54,38707.47
1977-06-15,0.88,1.71,0.55,39000.34
1977-07-15,0.88,1.72,0.55,39402.25
1977-08-15,0.89,1.74,0.56,39801.62
1977-09-15,0.88,1.73,0.55,40322.71
1977-10-15,0.89,1.74,0.55,40829.85
1977-11-15,0.9,1.75,0.56,41252.04
1977-12-15,0.91,1.78,0.57,41624.79
1978-01-15,0.88,1.74,0.55,42044.45
1978-02-15,0.89,1.76,0.56,42516.09
1978-03-15,0.91,1.79,0.57,43108.18
1978-04-15,0.92,1.82,0.58,43673.64
1978-05-15,0.95,1.87,0.6,44273.33
1978-06-15,0.96,1.89,0.6,44940.22
1978-07-15,0.97,1.91,0.61,45572.88
1978-08-15,0.98,1.94,0.62,46173.84
1978-09-15,0.97,1.92,0.61,46658.16
1978-10-15,0.98,1.94,0.62,47110.78
1978-11-15,1.02,2.01,0.64,47605.24
1978-12-15,1.03,2.03,0.65,48169.44
1979-01-15,1.03,2,0.64,48813.5
1979-02-15,1.03,2.01,0.65,49427.14
1979-03-15,1.05,2.03,0.65,50082.62
1979-04-15,1.07,2.07,0.67,50733.03
1979-05-15,1.09,2.11,0.68,51391.04
1979-06-15,1.12,2.18,0.7,52041.45
1979-07-15,1.12,2.18,0.7,52624.66
1979-08-15,1.14,2.21,0.71,53154.62
1979-09-15,1.14,2.22,0.71,53604.71
1979-10-15,1.2,2.33,0.75,54080.15
1979-11-15,1.27,2.46,0.79,54468.12
1979-12-15,1.27,2.46,0.79,54796.49
1980-01-15,1.26,2.46,0.78,55074.15
1980-02-15,1.31,2.56,0.82,55392.38
1980-03-15,1.5,2.93,0.93,55865.29
1980-04-15,1.53,2.98,0.95,56388.91
1980-05-15,1.29,2.53,0.8,56788.28
1980-06-15,1.23,2.4,0.76,57133.14
1980-07-15,1.22,2.38,0.76,57529.97
1980-08-15,1.28,2.5,0.79,57865.95
1980-09-15,1.3,2.54,0.81,58147.42
1980-10-15,1.34,2.61,0.83,58387.04
1980-11-15,1.35,2.64,0.84,58621.59
1980-12-15,1.4,2.74,0.87,58853.61
1981-01-15,1.42,2.76,0.87,59034.91
1981-02-15,1.44,2.79,0.88,59272
1981-03-15,1.45,2.81,0.89,59625.73
1981-04-15,1.48,2.88,0.91,60156.96
1981-05-15,1.56,3.04,0.96,60575.35
1981-06-15,1.55,3.02,0.96,60967.12
1981-07-15,1.59,3.09,0.98,61280.27
1981-08-15,1.62,3.15,1,61594.7
1981-09-15,1.67,3.25,1.03,61711.34
1981-10-15,1.67,3.25,1.03,61795.02
1981-11-15,1.57,3.04,0.96,61798.83
1981-12-15,1.56,3.03,0.96,61848.27
1982-01-15,1.61,3.16,0.99,61890.11
1982-02-15,1.61,3.16,0.99,61990.27
1982-03-15,1.57,3.08,0.96,61956.04
1982-04-15,1.55,3.04,0.95,62037.18
1982-05-15,1.53,2.99,0.94,62118.32
1982-06-15,1.53,3.01,0.94,62113.25
1982-07-15,1.52,2.98,0.93,62096.77
1982-08-15,1.46,2.86,0.89,62068.88
1982-09-15,1.39,2.73,0.86,62090.43
1982-10-15,1.31,2.57,0.8,62091.7
1982-11-15,1.28,2.51,0.79,62095.5
1982-12-15,1.27,2.48,0.78,62200.73
1983-01-15,1.24,2.42,0.74,62408.66
1983-02-15,1.23,2.41,0.74,62733.23
1983-03-15,1.23,2.41,0.74,62993.14
1983-04-15,1.22,2.39,0.74,63317.71
1983-05-15,1.22,2.39,0.73,63635.94
1983-06-15,1.25,2.44,0.75,63947.83
1983-07-15,1.3,2.54,0.78,64312.97
1983-08-15,1.32,2.59,0.8,64598.24
1983-09-15,1.29,2.53,0.78,64770.67
1983-10-15,1.27,2.49,0.77,64892.38
1983-11-15,1.28,2.49,0.77,64981.13
1983-12-15,1.28,2.5,0.77,65151.02
1984-01-15,1.22,2.37,0.73,65341.2
1984-02-15,1.22,2.38,0.73,65551.66
1984-03-15,1.25,2.43,0.75,65850.88
1984-04-15,1.26,2.46,0.76,66219.82
1984-05-15,1.3,2.53,0.78,66636.94
1984-06-15,1.33,2.6,0.8,67021.1
1984-07-15,1.35,2.63,0.81,67391.31
1984-08-15,1.34,2.61,0.8,67714.61
1984-09-15,1.31,2.56,0.79,67914.94
1984-10-15,1.3,2.54,0.78,68040.45
1984-11-15,1.25,2.44,0.75,68050.6
1984-12-15,1.23,2.4,0.74,68197.67
1985-01-15,1.18,2.32,0.71,68432.22
1985-02-15,1.18,2.32,0.71,68742.84
1985-03-15,1.21,2.38,0.73,69134.61
1985-04-15,1.21,2.37,0.73,69604.98
1985-05-15,1.19,2.33,0.72,70137.48
1985-06-15,1.15,2.26,0.7,70642.08
1985-07-15,1.16,2.26,0.7,71147.95
1985-08-15,1.17,2.29,0.71,71638.61
1985-09-15,1.16,2.28,0.7,72102.64
1985-10-15,1.16,2.28,0.7,72510.89
1985-11-15,1.13,2.22,0.68,72907.73
1985-12-15,1.1,2.15,0.66,73295.69
1986-01-15,1.06,2.11,0.64,73735.64
1986-02-15,1.04,2.06,0.63,74171.78
1986-03-15,1.02,2.02,0.62,74730.9
1986-04-15,1.01,2.01,0.61,75419.34
1986-05-15,1.06,2.1,0.64,76136.94
1986-06-15,1.09,2.16,0.66,76893.85
1986-07-15,1.09,2.15,0.66,77657.1
1986-08-15,1.06,2.11,0.64,78330.33
1986-09-15,1.07,2.12,0.65,78912.27
1986-10-15,1.06,2.1,0.64,79354.75
1986-11-15,1.03,2.04,0.62,79751.59
1986-12-15,1.02,2.03,0.62,80338.6
1987-01-15,0.98,1.96,0.59,80829.26
1987-02-15,0.99,1.96,0.59,81336.4
1987-03-15,0.99,1.97,0.6,81762.4
1987-04-15,1.09,2.18,0.66,82402.66
1987-05-15,1.13,2.24,0.68,83131.67
1987-06-15,1.12,2.22,0.67,83979.87
1987-07-15,1.12,2.23,0.67,84694.93
1987-08-15,1.13,2.24,0.68,85303.5
1987-09-15,1.17,2.33,0.7,85753.59
1987-10-15,1.17,2.33,0.7,86107.32
1987-11-15,1.13,2.26,0.68,86349.48
1987-12-15,1.14,2.27,0.69,86667.71
1988-01-15,1.09,2.16,0.65,86968.19
1988-02-15,1.08,2.13,0.65,87390.38
1988-03-15,1.09,2.16,0.66,87906.4
1988-04-15,1.12,2.2,0.67,88493.41
1988-05-15,1.15,2.26,0.69,89278.21
1988-06-15,1.15,2.26,0.69,90113.73
1988-07-15,1.16,2.29,0.7,90897.26
1988-08-15,1.18,2.34,0.71,91531.18
1988-09-15,1.15,2.27,0.69,92024.38
1988-10-15,1.13,2.24,0.68,92338.8
1988-11-15,1.15,2.27,0.69,92646.89
1988-12-15,1.18,2.33,0.71,92915.67
1989-01-15,1.13,2.22,0.68,93342.94
1989-02-15,1.15,2.26,0.69,93786.69
1989-03-15,1.19,2.33,0.71,94347.08
1989-04-15,1.18,2.31,0.71,94927.75
1989-05-15,1.15,2.25,0.69,95471.66
1989-06-15,1.12,2.19,0.67,95978.8
1989-07-15,1.1,2.15,0.66,96417.48
1989-08-15,1.14,2.23,0.68,96710.35
1989-09-15,1.12,2.19,0.67,96897.99
1989-10-15,1.09,2.13,0.65,96981.67
1989-11-15,1.08,2.12,0.65,97020.97
1989-12-15,1.08,2.12,0.65,96989.28
1990-01-15,1.1,2.17,0.66,97024.78
1990-02-15,1.11,2.2,0.67,97100.85
1990-03-15,1.11,2.19,0.67,97358.22
1990-04-15,1.13,2.23,0.68,97676.45
1990-05-15,1.12,2.21,0.67,98003.56
1990-06-15,1.11,2.18,0.67,98263.47
1990-07-15,1.09,2.15,0.66,98329.4
1990-08-15,1.11,2.19,0.67,98224.16
1990-09-15,1.09,2.15,0.66,97905.93
1990-10-15,1.08,2.14,0.65,97505.29
1990-11-15,1.05,2.08,0.64,96830.8
1990-12-15,1.03,2.03,0.62,96312.25
1991-01-15,1.05,2.08,0.62,96112.7
1991-02-15,1.03,2.05,0.61,96497.15
1991-03-15,1.05,2.09,0.62,96766.27
1991-04-15,1.04,2.07,0.62,96775.88
1991-05-15,1.04,2.06,0.62,96920.05
1991-06-15,1.06,2.1,0.63,97410.22
1991-07-15,1.05,2.08,0.62,97381.39
1991-08-15,1.02,2.03,0.61,97352.55
1991-09-15,0.99,1.97,0.59,97419.83
1991-10-15,0.99,1.98,0.59,97640.89
1991-11-15,0.98,1.95,0.58,98073.4
1991-12-15,0.96,1.9,0.57,98198.35
1992-01-15,0.99,1.98,0.58,98256.01
1992-02-15,1,2.01,0.59,98890.36
1992-03-15,1.02,2.03,0.59,99015.3
1992-04-15,1,2.01,0.59,98928.8
1992-05-15,0.99,1.98,0.58,99072.97
1992-06-15,0.98,1.96,0.57,99390.14
1992-07-15,0.95,1.91,0.56,99668.87
1992-08-15,0.95,1.91,0.56,100226.32
1992-09-15,0.95,1.9,0.55,100437.77
1992-10-15,0.96,1.93,0.56,100649.22
1992-11-15,0.97,1.93,0.57,100851.06
1992-12-15,0.95,1.91,0.56,100447.38
1993-01-15,0.93,1.85,0.54,100197.49
1993-02-15,0.91,1.8,0.53,99928.37
1993-03-15,0.91,1.81,0.53,100524.27
1993-04-15,0.91,1.81,0.53,101312.4
1993-05-15,0.92,1.82,0.53,101696.85
1993-06-15,0.92,1.82,0.53,102436.92
1993-07-15,0.91,1.81,0.53,102456.14
1993-08-15,0.89,1.77,0.52,102946.31
1993-09-15,0.88,1.76,0.51,103100.09
1993-10-15,0.88,1.74,0.51,103196.21
1993-11-15,0.91,1.8,0.52,103426.88
1993-12-15,0.9,1.78,0.52,103609.49
1994-01-15,0.87,1.74,0.5,103532.6
1994-02-15,0.89,1.79,0.52,103686.38
1994-03-15,0.93,1.87,0.54,104359.17
1994-04-15,0.97,1.95,0.56,104897.4
1994-05-15,0.99,1.98,0.57,105445.24
1994-06-15,1,1.99,0.57,106021.92
1994-07-15,1,2.01,0.58,106118.03
1994-08-15,1.01,2.01,0.58,106483.26
1994-09-15,1.01,2.02,0.58,106281.42
1994-10-15,1.02,2.05,0.59,106387.15
1994-11-15,1.04,2.08,0.6,106483.26
1994-12-15,1.03,2.06,0.59,106166.09
1995-01-15,0.99,1.95,0.58,106146.87
1995-02-15,0.97,1.91,0.57,106637.04
1995-03-15,0.94,1.87,0.55,106886.93
1995-04-15,0.94,1.85,0.55,107367.5
1995-05-15,0.91,1.8,0.53,107761.56
1995-06-15,0.9,1.78,0.53,108520.85
1995-07-15,0.92,1.81,0.54,109011.02
1995-08-15,0.93,1.83,0.54,109347.42
1995-09-15,0.9,1.77,0.52,109270.53
1995-10-15,0.88,1.74,0.52,109135.97
1995-11-15,0.88,1.73,0.51,109203.25
1995-12-15,0.86,1.7,0.5,109328.2
1996-01-15,0.84,1.66,0.49,109414.7
1996-02-15,0.86,1.7,0.5,109520.42
1996-03-15,0.9,1.77,0.52,110346.99
1996-04-15,0.91,1.79,0.53,110856.39
1996-05-15,0.92,1.82,0.54,111442.68
1996-06-15,0.94,1.86,0.55,111923.24
1996-07-15,0.94,1.85,0.55,112288.47
1996-08-15,0.93,1.83,0.54,112298.08
1996-09-15,0.92,1.81,0.53,112259.63
1996-10-15,0.9,1.78,0.52,112134.69
1996-11-15,0.88,1.73,0.51,112269.24
1996-12-15,0.88,1.73,0.51,112269.24
1997-01-15,0.88,1.73,0.51,112115.46
1997-02-15,0.86,1.71,0.5,112394.19
1997-03-15,0.89,1.76,0.51,113288.04
1997-04-15,0.9,1.78,0.52,113749.38
1997-05-15,0.9,1.77,0.52,114547.12
1997-06-15,0.87,1.73,0.51,114960.4
1997-07-15,0.87,1.71,0.5,115239.13
1997-08-15,0.88,1.73,0.51,115633.19
1997-09-15,0.84,1.67,0.49,115460.19
1997-10-15,0.84,1.66,0.48,115815.8
1997-11-15,0.83,1.64,0.48,115979.2
1997-12-15,0.82,1.62,0.47,116017.64
1998-01-15,0.82,1.6,0.47,116190.64
1998-02-15,0.82,1.61,0.47,116988.38
1998-03-15,0.82,1.61,0.48,117843.78
1998-04-15,0.83,1.63,0.48,118660.74
1998-05-15,0.83,1.63,0.48,119544.98
1998-06-15,0.83,1.64,0.48,120688.72
1998-07-15,0.84,1.64,0.49,120977.06
1998-08-15,0.83,1.63,0.48,121409.56
1998-09-15,0.81,1.58,0.47,121870.9
1998-10-15,0.82,1.61,0.48,122120.8
1998-11-15,0.82,1.6,0.47,122649.42
1998-12-15,0.82,1.61,0.48,122860.86
1999-01-15,0.81,1.58,0.46,123302.98
1999-02-15,0.82,1.6,0.47,123764.32
1999-03-15,0.83,1.63,0.48,124811.95
1999-04-15,0.83,1.62,0.48,125715.41
1999-05-15,0.85,1.67,0.49,126926.43
1999-06-15,0.89,1.74,0.51,127945.23
1999-07-15,0.9,1.76,0.52,128598.79
1999-08-15,0.91,1.77,0.52,129271.58
1999-09-15,0.89,1.75,0.51,129358.08
1999-10-15,0.91,1.78,0.52,129848.26
1999-11-15,0.9,1.75,0.51,130069.32
1999-12-15,0.92,1.79,0.53,130348.04
2000-01-15,0.93,1.82,0.54,131616.73
2000-02-15,0.93,1.82,0.54,131395.67
2000-03-15,0.94,1.83,0.54,132904.64
2000-04-15,0.93,1.82,0.54,134154.11
2000-05-15,0.98,1.9,0.56,135220.96
2000-06-15,0.96,1.87,0.55,136595.37
2000-07-15,0.95,1.86,0.55,137277.77
2000-08-15,0.95,1.84,0.54,137700.67
2000-09-15,0.93,1.81,0.53,138277.34
2000-10-15,0.91,1.78,0.53,138719.46
2000-11-15,0.92,1.79,0.53,139171.19
2000-12-15,0.88,1.71,0.5,139584.47
2001-01-15,0.91,1.78,0.51,140180.37
2001-02-15,0.91,1.79,0.51,141103.05
2001-03-15,0.9,1.77,0.51,142362.13
2001-04-15,0.92,1.8,0.52,143592.37
2001-05-15,0.94,1.83,0.53,144784.17
2001-06-15,0.94,1.84,0.53,145975.97
2001-07-15,0.94,1.83,0.53,146802.54
2001-08-15,0.93,1.82,0.52,147359.99
2001-09-15,0.91,1.78,0.51,147869.39
2001-10-15,0.91,1.78,0.51,148426.84
2001-11-15,0.93,1.82,0.52,148398.01
2001-12-15,0.94,1.84,0.53,148917.02
2002-01-15,0.95,1.88,0.54,149407.19
2002-02-15,0.95,1.87,0.53,150252.98
2002-03-15,0.98,1.95,0.55,151742.73
2002-04-15,0.97,1.91,0.55,153001.81
2002-05-15,0.97,1.92,0.55,154664.56
2002-06-15,0.96,1.9,0.54,156163.91
2002-07-15,0.95,1.88,0.54,157201.93
2002-08-15,0.94,1.87,0.53,158076.56
2002-09-15,0.92,1.82,0.52,158758.96
2002-10-15,0.95,1.87,0.53,159470.19
2002-11-15,0.93,1.85,0.53,159835.42
2002-12-15,0.91,1.81,0.52,160479.38
2003-01-15,0.93,1.85,0.52,160998.38
2003-02-15,0.92,1.83,0.52,162046.01
2003-03-15,0.94,1.87,0.53,163160.92
2003-04-15,0.94,1.87,0.53,164689.11
2003-05-15,0.91,1.82,0.51,166313.42
2003-06-15,0.91,1.82,0.51,167678.22
2003-07-15,0.97,1.94,0.55,168956.52
2003-08-15,1.01,2.01,0.57,170052.2
2003-09-15,0.98,1.95,0.55,171119.05
2003-10-15,0.98,1.96,0.55,171666.89
2003-11-15,0.97,1.94,0.55,172397.35
2003-12-15,0.98,1.95,0.55,173223.92
2004-01-15,0.96,1.92,0.54,173733.32
2004-02-15,0.96,1.91,0.54,175203.84
2004-03-15,0.96,1.91,0.54,177126.09
2004-04-15,1.02,2.03,0.57,179230.96
2004-05-15,1.05,2.1,0.6,181797.17
2004-06-15,1.07,2.13,0.6,184267.27
2004-07-15,1.06,2.11,0.6,185785.85
2004-08-15,1.04,2.07,0.59,187035.31
2004-09-15,1.03,2.05,0.58,188073.33
2004-10-15,1.02,2.04,0.58,188938.35
2004-11-15,1.04,2.06,0.59,189918.7
2004-12-15,1.05,2.09,0.59,190870.21
2005-01-15,1.01,2.03,0.58,191514.17
2005-02-15,1.03,2.05,0.58,193196.14
2005-03-15,1.07,2.14,0.61,195906.52
2005-04-15,1.06,2.12,0.6,198434.28
2005-05-15,1.06,2.12,0.6,201058.16
2005-06-15,1.07,2.13,0.61,203499.42
2005-07-15,1.09,2.19,0.62,205479.34
2005-08-15,1.1,2.2,0.62,206834.53
2005-09-15,1.11,2.22,0.63,208160.89
2005-10-15,1.12,2.25,0.64,208679.89
2005-11-15,1.14,2.28,0.65,209218.13
2005-12-15,1.13,2.27,0.64,209602.58
2006-01-15,1.11,2.16,0.62,210092.75
2006-02-15,1.12,2.19,0.63,210986.6
2006-03-15,1.14,2.22,0.64,212610.9
2006-04-15,1.15,2.25,0.65,213985.32
2006-05-15,1.17,2.29,0.66,215667.29
2006-06-15,1.19,2.33,0.67,216436.19
2006-07-15,1.18,2.3,0.66,216186.3
2006-08-15,1.15,2.25,0.65,216647.64
2006-09-15,1.13,2.2,0.64,215907.57
2006-10-15,1.13,2.2,0.64,215523.12
2006-11-15,1.1,2.15,0.62,215215.56
2006-12-15,1.1,2.14,0.62,214292.88
2007-01-15,1.09,2.19,0.62,214187.15
2007-02-15,1.09,2.18,0.62,214840.72
2007-03-15,1.09,2.18,0.62,216503.47
2007-04-15,1.09,2.18,0.62,217637.6
2007-05-15,1.12,2.24,0.63,217887.49
2007-06-15,1.14,2.28,0.64,217839.43
2007-07-15,1.13,2.25,0.64,216618.8
2007-08-15,1.1,2.2,0.62,215436.62
2007-09-15,1.08,2.15,0.61,213802.7
2007-10-15,1.06,2.12,0.6,211467.16
2007-11-15,1.03,2.05,0.58,209093.18
2007-12-15,1.01,2.03,0.57,206930.64
2008-01-15,1,1.99,0.56,204277.93
2008-02-15,1.04,2.07,0.58,203566.7
2008-03-15,0.99,1.98,0.56,202519.07
2008-04-15,1,2.01,0.56,201471.44
2008-05-15,1,2.01,0.56,200625.65
2008-06-15,1.03,2.05,0.58,200116.25
2008-07-15,1.02,2.04,0.57,198194
2008-08-15,1,1.99,0.56,195839.24
2008-09-15,0.95,1.9,0.53,193340.31
2008-10-15,0.97,1.93,0.54,191273.88
2008-11-15,0.9,1.81,0.51,187064.15
2008-12-15,0.83,1.67,0.47,185372.56
2009-01-15,0.87,1.73,0.49,185958.85
2009-02-15,0.87,1.73,0.49,186679.7
2009-03-15,0.85,1.68,0.48,185141.89
2009-04-15,0.84,1.68,0.48,185266.84
2009-05-15,0.86,1.71,0.49,186583.58
2009-06-15,0.9,1.8,0.51,187352.49
2009-07-15,0.89,1.76,0.5,186698.92
2009-08-15,0.87,1.73,0.49,186054.96
2009-09-15,0.85,1.69,0.48,184978.5
2009-10-15,0.85,1.69,0.48,184863.17
2009-11-15,0.83,1.64,0.47,184728.61
2009-12-15,0.84,1.66,0.47,181585.72
2010-01-15,0.85,1.73,0.47,180653.43
2010-02-15,0.85,1.74,0.47,180249.76
2010-03-15,0.85,1.74,0.47,180749.54
2010-04-15,0.86,1.76,0.48,182450.74
2010-05-15,0.85,1.73,0.47,184075.04
2010-06-15,0.84,1.72,0.47,183133.14
2010-07-15,0.82,1.69,0.46,181979.79
2010-08-15,0.8,1.65,0.45,181220.5
2010-09-15,0.79,1.61,0.44,178721.57
2010-10-15,0.78,1.59,0.43,178385.17
2010-11-15,0.78,1.6,0.44,177164.54
2010-12-15,0.8,1.64,0.45,174415.72
2011-01-15,0.78,1.57,0.43,172406.96
2011-02-15,0.79,1.59,0.44,171070.99
2011-03-15,0.78,1.57,0.43,170013.76
2011-04-15,0.78,1.57,0.43,171887.95
2011-05-15,0.78,1.56,0.43,173204.7
2011-06-15,0.78,1.57,0.43,174675.22
2011-07-15,0.78,1.57,0.43,175002
2011-08-15,0.76,1.52,0.42,173887.1
2011-09-15,0.74,1.48,0.41,174050.49
2011-10-15,0.73,1.47,0.41,172435.8
2011-11-15,0.73,1.46,0.41,172589.58
2011-12-15,0.72,1.45,0.4,171743.78
2012-01-15,0.72,1.44,0.39,169965.7
2012-02-15,0.72,1.45,0.4,170436.65
2012-03-15,0.73,1.48,0.4,172993.25
2012-04-15,0.73,1.47,0.4,175405.68
2012-05-15,0.74,1.49,0.41,178279.45
2012-06-15,0.75,1.5,0.41,180067.14
2012-07-15,0.73,1.47,0.4,180384.32
2012-08-15,0.74,1.5,0.41,180807.21
2012-09-15,0.72,1.45,0.4,180643.82
2012-10-15,0.72,1.46,0.4,180634.21
2012-11-15,0.72,1.44,0.4,180845.66
2012-12-15,0.71,1.44,0.39,180317.04
2013-01-15,0.69,1.44,0.38,180538.1
2013-02-15,0.69,1.45,0.38,181720.28
2013-03-15,0.71,1.49,0.39,185007.34
2013-04-15,0.71,1.48,0.39,187525.49
2013-05-15,0.75,1.57,0.41,190899.04
2013-06-15,0.8,1.67,0.44,193321.08
2013-07-15,0.79,1.66,0.44,194320.66
2013-08-15,0.8,1.69,0.45,193840.09
2013-09-15,0.78,1.64,0.43,193868.93
2013-10-15,0.76,1.61,0.42,193292.25
2013-11-15,0.77,1.62,0.43,192725.19
2013-12-15,0.78,1.64,0.43,192475.29
2014-01-15,0.78,1.62,0.42,192138.9
2014-02-15,0.78,1.62,0.42,193109.64
2014-03-15,0.8,1.65,0.43,195454.79
2014-04-15,0.8,1.66,0.44,197636.55
2014-05-15,0.8,1.65,0.43,199827.91
2014-06-15,0.81,1.67,0.44,202105.79
2014-07-15,0.81,1.68,0.44,202817.02
2014-08-15,0.81,1.67,0.44,202422.96
2014-09-15,0.81,1.66,0.44,201586.78
2014-10-15,0.79,1.63,0.43,201634.83
2014-11-15,0.78,1.62,0.43,201827.06
2014-12-15,0.78,1.62,0.43,201875.12
2015-01-15,0.74,1.52,0.41,200923.6
2015-02-15,0.75,1.54,0.41,202807.41
2015-03-15,0.75,1.55,0.41,205460.12
2015-04-15,0.76,1.57,0.42,207574.6
2015-05-15,0.79,1.62,0.43,210630.98
2015-06-15,0.81,1.66,0.44,212620.51
2015-07-15,0.81,1.66,0.44,213427.86
2015-08-15,0.79,1.62,0.43,212764.68
2015-09-15,0.79,1.62,0.43,212707.02
2015-10-15,0.78,1.6,0.43,212678.18
2015-11-15,0.79,1.62,0.43,213062.63
2015-12-15,0.8,1.63,0.44,212697.41
2016-01-15,0.75,1.53,0.42,212639.74
2016-02-15,0.75,1.51,0.42,213245.25
2016-03-15,0.76,1.55,0.43,216984.03
2016-04-15,0.77,1.55,0.43,219396.46
2016-05-15,0.77,1.57,0.43,222097.23
2016-06-15,0.78,1.57,0.43,224288.6
2016-07-15,0.78,1.57,0.43,225297.78
2016-08-15,0.77,1.57,0.43,225192.06
2016-09-15,0.77,1.55,0.43,225307.39
2016-10-15,0.76,1.55,0.43,225317
2016-11-15,0.81,1.63,0.45,225614.95
2016-12-15,0.83,1.67,0.46,225778.34
2017-01-15,0.8,1.62,0.44,224903.72
2017-02-15,0.81,1.63,0.44,226835.58
2017-03-15,0.82,1.66,0.45,230362.92
2017-04-15,0.81,1.65,0.45,233534.64
2017-05-15,0.82,1.67,0.45,236264.24
2017-06-15,0.83,1.68,0.46,237878.93
2017-07-15,0.83,1.68,0.46,239003.45
2017-08-15,0.83,1.67,0.45,239657.02
2017-09-15,0.82,1.66,0.45,239426.35
2017-10-15,0.82,1.66,0.45,239205.29
2017-11-15,0.82,1.67,0.45,240070.3
2017-12-15,0.83,1.68,0.46,239791.58
2018-01-15,0.82,1.66,0.46,240675.81
2018-02-15,0.85,1.71,0.47,243424.64
2018-03-15,0.86,1.73,0.48,246202.29
2018-04-15,0.87,1.75,0.48,248384.05
2018-05-15,0.88,1.78,0.49,251296.27
2018-06-15,0.89,1.8,0.5,252901.35
2018-07-15,0.89,1.79,0.49,253708.69
2018-08-15,0.89,1.79,0.49,254073.92
2018-09-15,0.89,1.79,0.49,253401.13
2018-10-15,0.9,1.81,0.5,253122.41
2018-11-15,0.89,1.81,0.5,253804.81
2018-12-15,0.86,1.75,0.48,252949.4
2019-01-15,0.82,1.63,0.45,253727.92
2019-02-15,0.82,1.63,0.45,255400.28
2019-03-15,0.8,1.6,0.44,258312.49
2019-04-15,0.82,1.63,0.45,261253.54
2019-05-15,0.81,1.62,0.45,263954.31
2019-06-15,0.8,1.59,0.44,265251.83
2019-07-15,0.8,1.6,0.44,266107.23
2019-08-15,0.79,1.57,0.44,266078.4
2019-09-15,0.78,1.56,0.43,266808.86
2019-10-15,0.79,1.58,0.44,266914.58
2019-11-15,0.79,1.57,0.44,267308.64
2019-12-15,0.79,1.57,0.44,267981.43
2020-01-15,0.81,1.66,0.45,269019.45
2020-02-15,0.81,1.66,0.45,272114.28
2020-03-15,0.82,1.67,0.45,274603.6
2020-04-15,0.78,1.59,0.43,276881.47
2020-05-15,0.78,1.6,0.43,277698.42
2020-06-15,0.8,1.64,0.44,281148.87
2020-07-15,0.8,1.64,0.44,284522.43
2020-08-15,0.8,1.63,0.44,288347.71
2020-09-15,0.81,1.65,0.45,291980.77
2020-10-15,0.81,1.66,0.45,295248.6
2020-11-15,0.8,1.64,0.44,297363.08
2020-12-15,0.8,1.64,0.44,299487.17
2021-01-15,0.81,1.66,0.45,302226.39
2021-02-15,0.84,1.72,0.46,306695.63
2021-03-15,0.87,1.78,0.48,313932.91
2021-04-15,0.87,1.78,0.48,321333.59
2021-05-15,0.88,1.8,0.48,328445.93
2021-06-15,0.91,1.85,0.5,334789.37
2021-07-15,0.9,1.83,0.49,339489.28
2021-08-15,0.9,1.84,0.49,341968.99
2021-09-15,0.91,1.86,0.5,344314.14
2021-10-15,0.92,1.88,0.51,347111.02
2021-11-15,0.92,1.89,0.51,350196.23
2021-12-15,0.93,1.89,0.51,352983.5
2022-01-15,0.96,1.96,0.53,357654.58
2022-02-15,1.01,2.07,0.56,366006.77
2022-03-15,1.1,2.26,0.61,373907.24
2022-04-15,1.16,2.37,0.64,381750.03