SizeRank,RegionName,StateName,Year,Average House Price,Median Income,Ratio
22,Alabama,AL,2000,103148.75,35424,2.91
46,Alaska,AK,2000,131953.67,52847,2.50
15,Arizona,AZ,2000,140373.58,39783,3.53
31,Arkansas,AR,2000,80881.67,29697,2.72
0,California,CA,2000,213105.42,46816,4.55
21,Colorado,CO,2000,195650.17,48240,4.06
28,Connecticut,CT,2000,180053,50172,3.59
44,Delaware,DE,2000,156262,50365,3.10
49,District of Columbia,DC,2000,201678.5,41222,4.89
3,Florida,FL,2000,119305.33,38856,3.07
8,Georgia,GA,2000,135797.33,41901,3.24
39,Hawaii,HI,2000,228851.08,51546,4.44
38,Idaho,ID,2000,126867.17,37611,3.37
4,Illinois,IL,2000,152867.5,46064,3.32
14,Indiana,IN,2000,103960.5,40865,2.54
29,Iowa,IA,2000,96463.25,40991,2.35
32,Kansas,KS,2000,95515.5,41059,2.33
25,Kentucky,KY,2000,93669.67,36265,2.58
24,Louisiana,LA,2000,107814.25,30718,3.51
40,Maine,ME,2000,120643.67,37266,3.24
18,Maryland,MD,2000,166774,54535,3.06
13,Massachusetts,MA,2000,219922.83,46753,4.70
7,Michigan,MI,2000,126816.25,45512,2.79
20,Minnesota,MN,2000,142719.08,54251,2.63
30,Mississippi,MS,2000,85235.33,34299,2.49
17,Missouri,MO,2000,103562.08,45097,2.30
43,Montana,MT,2000,,32777,
37,Nebraska,NE,2000,118929.25,41750,2.85
34,Nevada,NV,2000,167406.08,45758,3.66
41,New Hampshire,NH,2000,147343.17,50926,2.89
10,New Jersey,NJ,2000,193474.17,50405,3.84
35,New Mexico,NM,2000,,35093,
2,New York,NY,2000,155873.33,40744,3.83
9,North Carolina,NC,2000,137401.33,38317,3.59
47,North Dakota,ND,2000,,35996,
6,Ohio,OH,2000,113323.08,42962,2.64
27,Oklahoma,OK,2000,81179.08,32432,2.50
26,Oregon,OR,2000,164983.25,42499,3.88
5,Pennsylvania,PA,2000,108924,42176,2.58
42,Rhode Island,RI,2000,151552.33,42197,3.59
23,South Carolina,SC,2000,125804.25,37570,3.35
45,South Dakota,SD,2000,115283.42,36475,3.16
16,Tennessee,TN,2000,115592.42,34096,3.39
1,Texas,TX,2000,115486.5,38609,2.99
33,Utah,UT,2000,184213.08,47550,3.87
48,Vermont,VT,2000,130625.08,39594,3.30
11,Virginia,VA,2000,139729.92,47163,2.96
12,Washington,WA,2000,179606.08,42525,4.22
36,West Virginia,WV,2000,69740.17,29411,2.37
19,Wisconsin,WI,2000,121000.92,45088,2.68
50,Wyoming,WY,2000,,39629,
22,Alabama,AL,2001,107313.58,35160,3.05
46,Alaska,AK,2001,152513.67,57363,2.66
15,Arizona,AZ,2001,148184.33,42704,3.47
31,Arkansas,AR,2001,84591.75,33339,2.54
0,California,CA,2001,243172,47262,5.15
21,Colorado,CO,2001,218944,49397,4.43
28,Connecticut,CT,2001,195869.92,53347,3.67
44,Delaware,DE,2001,165562.42,49602,3.34
49,District of Columbia,DC,2001,220088.92,41169,5.35
3,Florida,FL,2001,129241,36421,3.55
8,Georgia,GA,2001,145643.75,42576,3.42
39,Hawaii,HI,2001,242283.33,47439,5.11
38,Idaho,ID,2001,131585.33,38241,3.44
4,Illinois,IL,2001,164887.58,46171,3.57
14,Indiana,IN,2001,107560.33,40379,2.66
29,Iowa,IA,2001,100926.83,40976,2.46
32,Kansas,KS,2001,101356.17,41415,2.45
25,Kentucky,KY,2001,98720,38437,2.57
24,Louisiana,LA,2001,113514.17,33322,3.41
40,Maine,ME,2001,133916.08,36612,3.66
18,Maryland,MD,2001,177185,53530,3.31
13,Massachusetts,MA,2001,253743.92,52253,4.86
7,Michigan,MI,2001,135210.42,45047,3.00
20,Minnesota,MN,2001,161917.42,52681,3.07
30,Mississippi,MS,2001,89611.25,30161,2.97
17,Missouri,MO,2001,110852.17,41339,2.68
43,Montana,MT,2001,,32126,
37,Nebraska,NE,2001,113272.83,43611,2.60
34,Nevada,NV,2001,176802.25,45403,3.89
41,New Hampshire,NH,2001,168828.17,51331,3.29
10,New Jersey,NJ,2001,213905.75,51771,4.13
35,New Mexico,NM,2001,,33124,
2,New York,NY,2001,168666,42114,4.00
9,North Carolina,NC,2001,142788.25,38162,3.74
47,North Dakota,ND,2001,,35793,
6,Ohio,OH,2001,118341.83,41785,2.83
27,Oklahoma,OK,2001,85268.75,35609,2.39
26,Oregon,OR,2001,171096.92,41273,4.15
5,Pennsylvania,PA,2001,114737.42,43499,2.64
42,Rhode Island,RI,2001,167871.25,45723,3.67
23,South Carolina,SC,2001,131546.17,37736,3.49
45,South Dakota,SD,2001,117191.17,39671,2.95
16,Tennessee,TN,2001,119505.58,35783,3.34
1,Texas,TX,2001,117017.5,40860,2.86
33,Utah,UT,2001,189955.08,47342,4.01
48,Vermont,VT,2001,141208.5,40794,3.46
11,Virginia,VA,2001,151469,50241,3.01
12,Washington,WA,2001,188802,42490,4.44
36,West Virginia,WV,2001,73644.42,29673,2.48
19,Wisconsin,WI,2001,127737.25,45346,2.82
50,Wyoming,WY,2001,,39719,
22,Alabama,AL,2002,110083,37603,2.93
46,Alaska,AK,2002,165039,52774,3.13
15,Arizona,AZ,2002,155758.42,39734,3.92
31,Arkansas,AR,2002,87109,32387,2.69
0,California,CA,2002,273818.67,47437,5.77
21,Colorado,CO,2002,230830.67,48294,4.78
28,Connecticut,CT,2002,216505.83,53387,4.06
44,Delaware,DE,2002,176987.83,49650,3.56
49,District of Columbia,DC,2002,252758.08,39070,6.47
3,Florida,FL,2002,142425,38024,3.75
8,Georgia,GA,2002,152479,42939,3.55
39,Hawaii,HI,2002,261020.5,47303,5.52
38,Idaho,ID,2002,135494.83,37715,3.59
4,Illinois,IL,2002,177309,42710,4.15
14,Indiana,IN,2002,109275.17,41047,2.66
29,Iowa,IA,2002,105124.42,41049,2.56
32,Kansas,KS,2002,105152.92,42619,2.47
25,Kentucky,KY,2002,102118.08,36762,2.78
24,Louisiana,LA,2002,118512.27,34008,3.48
40,Maine,ME,2002,149892.83,36853,4.07
18,Maryland,MD,2002,195079.42,56407,3.46
13,Massachusetts,MA,2002,288843.17,49855,5.79
7,Michigan,MI,2002,141178.25,42715,3.31
20,Minnesota,MN,2002,178937.33,54622,3.28
30,Mississippi,MS,2002,92161.08,30882,2.98
17,Missouri,MO,2002,118373.67,42776,2.77
43,Montana,MT,2002,,34835,
37,Nebraska,NE,2002,113904.5,42796,2.66
34,Nevada,NV,2002,188103.42,44958,4.18
41,New Hampshire,NH,2002,191303.5,55321,3.46
10,New Jersey,NJ,2002,240954.08,54568,4.42
35,New Mexico,NM,2002,139290.89,35457,3.93
2,New York,NY,2002,183997.33,41966,4.38
9,North Carolina,NC,2002,145845.42,36515,3.99
47,North Dakota,ND,2002,,36200,
6,Ohio,OH,2002,122199.67,42684,2.86
27,Oklahoma,OK,2002,88466.92,36458,2.43
26,Oregon,OR,2002,178406.33,41802,4.27
5,Pennsylvania,PA,2002,121856.92,42498,2.87
42,Rhode Island,RI,2002,195377.83,42417,4.61
23,South Carolina,SC,2002,135081.33,37812,3.57
45,South Dakota,SD,2002,120688.42,37873,3.19
16,Tennessee,TN,2002,122323.08,37030,3.30
1,Texas,TX,2002,119713,40149,2.98
33,Utah,UT,2002,191196.25,47861,3.99
48,Vermont,VT,2002,153341.58,42999,3.57
11,Virginia,VA,2002,165995.75,49631,3.34
12,Washington,WA,2002,196842.58,45183,4.36
36,West Virginia,WV,2002,76084.5,29359,2.59
19,Wisconsin,WI,2002,134758.42,45903,2.94
50,Wyoming,WY,2002,144591.22,39763,3.64
22,Alabama,AL,2003,113333.92,37255,3.04
46,Alaska,AK,2003,173473.42,51837,3.35
15,Arizona,AZ,2003,164762.08,41166,4.00
31,Arkansas,AR,2003,90835.58,32002,2.84
0,California,CA,2003,319345.17,49300,6.48
21,Colorado,CO,2003,235327.92,49940,4.71
28,Connecticut,CT,2003,242775.17,54965,4.42
44,Delaware,DE,2003,193704.17,49019,3.95
49,District of Columbia,DC,2003,295910.92,45044,6.57
3,Florida,FL,2003,158976.58,38972,4.08
8,Georgia,GA,2003,157010.42,42438,3.70
39,Hawaii,HI,2003,298025,51834,5.75
38,Idaho,ID,2003,138987.58,42372,3.28
4,Illinois,IL,2003,190191.42,45153,4.21
14,Indiana,IN,2003,111030.08,42425,2.62
29,Iowa,IA,2003,109430.5,41384,2.64
32,Kansas,KS,2003,107798.58,44232,2.44
25,Kentucky,KY,2003,105377.42,36936,2.85
24,Louisiana,LA,2003,122719.92,33507,3.66
40,Maine,ME,2003,167175.58,37113,4.50
18,Maryland,MD,2003,221672.33,52314,4.24
13,Massachusetts,MA,2003,327722.75,50955,6.43
7,Michigan,MI,2003,145827.08,45022,3.24
20,Minnesota,MN,2003,194384.17,52823,3.68
30,Mississippi,MS,2003,94940.92,32728,2.90
17,Missouri,MO,2003,125719.83,43762,2.87
43,Montana,MT,2003,,34108,
37,Nebraska,NE,2003,118823.42,43974,2.70
34,Nevada,NV,2003,204747.25,45184,4.53
41,New Hampshire,NH,2003,217110.42,55567,3.91
10,New Jersey,NJ,2003,278151.75,56045,4.96
35,New Mexico,NM,2003,142932.75,35105,4.07
2,New York,NY,2003,203462.83,42788,4.76
9,North Carolina,NC,2003,148639.25,37279,3.99
47,North Dakota,ND,2003,,40410,
6,Ohio,OH,2003,126495.25,43520,2.91
27,Oklahoma,OK,2003,91570.42,35902,2.55
26,Oregon,OR,2003,187855.83,41638,4.51
5,Pennsylvania,PA,2003,131762.92,42933,3.07
42,Rhode Island,RI,2003,234613.42,44711,5.25
23,South Carolina,SC,2003,139262.83,38479,3.62
45,South Dakota,SD,2003,125625.58,39522,3.18
16,Tennessee,TN,2003,125319.58,37523,3.34
1,Texas,TX,2003,123280.75,39271,3.14
33,Utah,UT,2003,191223.83,49275,3.88
48,Vermont,VT,2003,165671.73,43261,3.83
11,Virginia,VA,2003,184091.42,54783,3.36
12,Washington,WA,2003,206249.08,47508,4.34
36,West Virginia,WV,2003,79216.5,32763,2.42
19,Wisconsin,WI,2003,143043.5,46269,3.09
50,Wyoming,WY,2003,149626.92,42555,3.52
22,Alabama,AL,2004,117334.08,36629,3.20
46,Alaska,AK,2004,186998.58,55063,3.40
15,Arizona,AZ,2004,179821.3,43846,4.10
31,Arkansas,AR,2004,95861.33,34984,2.74
0,California,CA,2004,388737.75,49222,7.90
21,Colorado,CO,2004,240208.08,50886,4.72
28,Connecticut,CT,2004,271638.17,55100,4.93
44,Delaware,DE,2004,216564.42,48049,4.51
49,District of Columbia,DC,2004,347268.08,43451,7.99
3,Florida,FL,2004,182024.42,40535,4.49
8,Georgia,GA,2004,161659.67,40984,3.94
39,Hawaii,HI,2004,363216.33,56242,6.46
38,Idaho,ID,2004,145110.5,44358,3.27
4,Illinois,IL,2004,204729.75,46077,4.44
14,Indiana,IN,2004,113999,42329,2.69
29,Iowa,IA,2004,113858.75,43391,2.62
32,Kansas,KS,2004,112930.58,41066,2.75
25,Kentucky,KY,2004,108727.08,35610,3.05
24,Louisiana,LA,2004,128536.08,36429,3.53
40,Maine,ME,2004,190437.25,41329,4.61
18,Maryland,MD,2004,259075.17,57103,4.54
13,Massachusetts,MA,2004,360629.83,52019,6.93
7,Michigan,MI,2004,151207.08,42256,3.58
20,Minnesota,MN,2004,209862.67,56104,3.74
30,Mississippi,MS,2004,98112.33,34755,2.82
17,Missouri,MO,2004,132588.08,42137,3.15
43,Montana,MT,2004,,33956,
37,Nebraska,NE,2004,124865.75,43786,2.85
34,Nevada,NV,2004,263106.45,47204,5.57
41,New Hampshire,NH,2004,241538.08,56815,4.25
10,New Jersey,NJ,2004,316605.75,55275,5.73
35,New Mexico,NM,2004,150704.08,39562,3.81
2,New York,NY,2004,225102.25,44649,5.04
9,North Carolina,NC,2004,152554,40238,3.79
47,North Dakota,ND,2004,,39220,
6,Ohio,OH,2004,131054.17,43055,3.04
27,Oklahoma,OK,2004,94853.83,39614,2.39
26,Oregon,OR,2004,203150.17,40994,4.96
5,Pennsylvania,PA,2004,144327.5,44106,3.27
42,Rhode Island,RI,2004,276505.75,47935,5.77
23,South Carolina,SC,2004,145668.08,38691,3.76
45,South Dakota,SD,2004,132892.42,41107,3.23
16,Tennessee,TN,2004,129685.75,38072,3.41
1,Texas,TX,2004,130863,41397,3.16
33,Utah,UT,2004,194052.58,50871,3.81
48,Vermont,VT,2004,184663.58,47329,3.90
11,Virginia,VA,2004,213888.08,51141,4.18
12,Washington,WA,2004,224387.33,49922,4.49
36,West Virginia,WV,2004,84158.25,33373,2.52
19,Wisconsin,WI,2004,154837.42,45732,3.39
50,Wyoming,WY,2004,159879.5,45397,3.52
22,Alabama,AL,2005,123117.75,37150,3.31
46,Alaska,AK,2005,204210.42,55891,3.65
15,Arizona,AZ,2005,233848.83,45245,5.17
31,Arkansas,AR,2005,102936.75,36658,2.81
0,California,CA,2005,473192.08,51755,9.14
21,Colorado,CO,2005,247158.33,50449,4.90
28,Connecticut,CT,2005,305325.92,56835,5.37
44,Delaware,DE,2005,250274,51235,4.88
49,District of Columbia,DC,2005,419007.5,44993,9.31
3,Florida,FL,2005,225158.83,42990,5.24
8,Georgia,GA,2005,167669.75,45926,3.65
39,Hawaii,HI,2005,456680.58,59586,7.66
38,Idaho,ID,2005,158592.89,44176,3.59
4,Illinois,IL,2005,221655.17,48398,4.58
14,Indiana,IN,2005,120271.83,42437,2.83
29,Iowa,IA,2005,119143.08,46500,2.56
32,Kansas,KS,2005,119324.5,42027,2.84
25,Kentucky,KY,2005,113148.67,36699,3.08
24,Louisiana,LA,2005,135818.83,37236,3.65
40,Maine,ME,2005,213073.58,43923,4.85
18,Maryland,MD,2005,314597.83,60512,5.20
13,Massachusetts,MA,2005,390991.58,56017,6.98
7,Michigan,MI,2005,155357.92,45933,3.38
20,Minnesota,MN,2005,224472.25,54215,4.14
30,Mississippi,MS,2005,103601.33,32875,3.15
17,Missouri,MO,2005,139135.08,42986,3.24
43,Montana,MT,2005,187845.27,37313,5.03
37,Nebraska,NE,2005,130034.92,47923,2.71
34,Nevada,NV,2005,333338.83,48209,6.91
41,New Hampshire,NH,2005,265181.25,56984,4.65
10,New Jersey,NJ,2005,363194.17,63368,5.73
35,New Mexico,NM,2005,161819.75,38947,4.15
2,New York,NY,2005,250789.17,47176,5.32
9,North Carolina,NC,2005,158877.25,42056,3.78
47,North Dakota,ND,2005,,42192,
6,Ohio,OH,2005,135157.5,44203,3.06
27,Oklahoma,OK,2005,98887.08,37645,2.63
26,Oregon,OR,2005,232804.33,44159,5.27
5,Pennsylvania,PA,2005,160592.83,46300,3.47
42,Rhode Island,RI,2005,314090.75,49484,6.35
23,South Carolina,SC,2005,156392.33,40230,3.89
45,South Dakota,SD,2005,142214.67,43151,3.30
16,Tennessee,TN,2005,137122.92,39406,3.48
1,Texas,TX,2005,136393.42,41422,3.29
33,Utah,UT,2005,199129.92,54813,3.63
48,Vermont,VT,2005,207235.5,50704,4.09
11,Virginia,VA,2005,259482.83,51914,5.00
12,Washington,WA,2005,257862.67,50646,5.09
36,West Virginia,WV,2005,90870.58,36445,2.49
19,Wisconsin,WI,2005,166423,44650,3.73
50,Wyoming,WY,2005,173462,44718,3.88
22,Alabama,AL,2006,132692.92,37952,3.50
46,Alaska,AK,2006,221970.25,56418,3.93
15,Arizona,AZ,2006,284848,46657,6.11
31,Arkansas,AR,2006,109915.17,37057,2.97
0,California,CA,2006,519554.25,55319,9.39
21,Colorado,CO,2006,252850.5,55697,4.54
28,Connecticut,CT,2006,327796.75,62404,5.25
44,Delaware,DE,2006,277211,52438,5.29
49,District of Columbia,DC,2006,464395.92,48477,9.58
3,Florida,FL,2006,271346.08,45676,5.94
8,Georgia,GA,2006,174462.67,49344,3.54
39,Hawaii,HI,2006,538959.5,60470,8.91
38,Idaho,ID,2006,194257.25,46213,4.20
4,Illinois,IL,2006,236094.75,48671,4.85
14,Indiana,IN,2006,123293.42,45407,2.72
29,Iowa,IA,2006,123651.5,48126,2.57
32,Kansas,KS,2006,122874.92,45552,2.70
25,Kentucky,KY,2006,117020.25,39485,2.96
24,Louisiana,LA,2006,148819,36488,4.08
40,Maine,ME,2006,220516.17,45642,4.83
18,Maryland,MD,2006,361657.08,63668,5.68
13,Massachusetts,MA,2006,390820.42,55330,7.06
7,Michigan,MI,2006,155937.92,48647,3.21
20,Minnesota,MN,2006,230919.67,56211,4.11
30,Mississippi,MS,2006,112064.5,34733,3.23
17,Missouri,MO,2006,144899.75,44579,3.25
43,Montana,MT,2006,203764.75,41105,4.96
37,Nebraska,NE,2006,134062.42,48145,2.78
34,Nevada,NV,2006,353784.42,52282,6.77
41,New Hampshire,NH,2006,274325.08,61970,4.43
10,New Jersey,NJ,2006,399062.83,68059,5.86
35,New Mexico,NM,2006,183561.08,40028,4.59
2,New York,NY,2006,272224.58,48222,5.65
9,North Carolina,NC,2006,168553.58,39797,4.24
47,North Dakota,ND,2006,,41047,
6,Ohio,OH,2006,137625.5,45900,3.00
27,Oklahoma,OK,2006,103384.42,38838,2.66
26,Oregon,OR,2006,276281.67,47091,5.87
5,Pennsylvania,PA,2006,175038.83,48477,3.61
42,Rhode Island,RI,2006,327749.08,53736,6.10
23,South Carolina,SC,2006,170051.08,39617,4.29
45,South Dakota,SD,2006,148912.67,45427,3.28
16,Tennessee,TN,2006,146431.92,40693,3.60
1,Texas,TX,2006,141107.42,43307,3.26
33,Utah,UT,2006,220998,54628,4.05
48,Vermont,VT,2006,227145.5,51981,4.37
11,Virginia,VA,2006,290125.83,57119,5.08
12,Washington,WA,2006,301116.83,54723,5.50
36,West Virginia,WV,2006,95029.08,38419,2.47
19,Wisconsin,WI,2006,173335.08,51692,3.35
50,Wyoming,WY,2006,189454.75,47041,4.03
22,Alabama,AL,2007,138655.42,42212,3.28
46,Alaska,AK,2007,235107.33,62993,3.73
15,Arizona,AZ,2007,272677.92,47215,5.78
31,Arkansas,AR,2007,112757.83,40795,2.76
0,California,CA,2007,498823.17,55734,8.95
21,Colorado,CO,2007,253418.33,61141,4.14
28,Connecticut,CT,2007,325662.5,64141,5.08
44,Delaware,DE,2007,283683.58,54589,5.20
49,District of Columbia,DC,2007,463933.08,50783,9.14
3,Florida,FL,2007,262601.08,45794,5.73
8,Georgia,GA,2007,178411,48641,3.67
39,Hawaii,HI,2007,549959.08,64022,8.59
38,Idaho,ID,2007,204226.92,49184,4.15
4,Illinois,IL,2007,238439.08,52506,4.54
14,Indiana,IN,2007,125086.5,47453,2.64
29,Iowa,IA,2007,126239.08,48908,2.58
32,Kansas,KS,2007,126848,48497,2.62
25,Kentucky,KY,2007,118885.83,39452,3.01
24,Louisiana,LA,2007,155667.25,41313,3.77
40,Maine,ME,2007,219672.33,47894,4.59
18,Maryland,MD,2007,366450.17,65630,5.58
13,Massachusetts,MA,2007,372606.5,58463,6.37
7,Michigan,MI,2007,148450.67,49370,3.01
20,Minnesota,MN,2007,227096.08,58058,3.91
30,Mississippi,MS,2007,118050.58,37279,3.17
17,Missouri,MO,2007,146971.58,46005,3.19
43,Montana,MT,2007,216148,43655,4.95
37,Nebraska,NE,2007,135131.42,49174,2.75
34,Nevada,NV,2007,334647.58,54058,6.19
41,New Hampshire,NH,2007,266328.5,67576,3.94
10,New Jersey,NJ,2007,394057.75,60508,6.51
35,New Mexico,NM,2007,197701.33,44356,4.46
2,New York,NY,2007,276864.5,48944,5.66
9,North Carolina,NC,2007,176950.75,43513,4.07
47,North Dakota,ND,2007,,47205,
6,Ohio,OH,2007,136271.25,49099,2.78
27,Oklahoma,OK,2007,106851.33,43216,2.47
26,Oregon,OR,2007,294814.58,50236,5.87
5,Pennsylvania,PA,2007,180936.42,48437,3.74
42,Rhode Island,RI,2007,313092.42,54210,5.78
23,South Carolina,SC,2007,176731.33,44213,4.00
45,South Dakota,SD,2007,153511.17,46418,3.31
16,Tennessee,TN,2007,152629.67,41195,3.71
1,Texas,TX,2007,146515.58,46053,3.18
33,Utah,UT,2007,255252.5,53529,4.77
48,Vermont,VT,2007,237486.67,47390,5.01
11,Virginia,VA,2007,288529.92,59161,4.88
12,Washington,WA,2007,321395.75,58080,5.53
36,West Virginia,WV,2007,97233.67,42091,2.31
19,Wisconsin,WI,2007,174956.08,51277,3.41
50,Wyoming,WY,2007,204358.92,48744,4.19
22,Alabama,AL,2008,137758.92,44476,3.10
46,Alaska,AK,2008,239729.83,63989,3.75
15,Arizona,AZ,2008,226473.83,46914,4.83
31,Arkansas,AR,2008,112393.25,39586,2.84
0,California,CA,2008,408819.42,57014,7.17
21,Colorado,CO,2008,245439.92,60943,4.03
28,Connecticut,CT,2008,306444.67,64682,4.74
44,Delaware,DE,2008,272809.92,50702,5.38
49,District of Columbia,DC,2008,451857.33,55590,8.13
3,Florida,FL,2008,217620.25,44857,4.85
8,Georgia,GA,2008,171488.75,46227,3.71
39,Hawaii,HI,2008,537777.08,61521,8.74
38,Idaho,ID,2008,202128.42,47420,4.26
4,Illinois,IL,2008,222402.11,53254,4.18
14,Indiana,IN,2008,124678.92,46520,2.68
29,Iowa,IA,2008,126531.75,50142,2.52
32,Kansas,KS,2008,128092.5,47877,2.68
25,Kentucky,KY,2008,118531.67,41148,2.88
24,Louisiana,LA,2008,156621.92,39563,3.96
40,Maine,ME,2008,214052.08,47228,4.53
18,Maryland,MD,2008,336595.33,63711,5.28
13,Massachusetts,MA,2008,349953.25,60320,5.80
7,Michigan,MI,2008,133160.92,49788,2.67
20,Minnesota,MN,2008,210599.33,54925,3.83
30,Mississippi,MS,2008,116635,36446,3.20
17,Missouri,MO,2008,143741.75,46038,3.12
43,Montana,MT,2008,220297.33,42900,5.14
37,Nebraska,NE,2008,131684.25,50728,2.60
34,Nevada,NV,2008,259145.17,54744,4.73
41,New Hampshire,NH,2008,250725.67,66176,3.79
10,New Jersey,NJ,2008,369847.75,65306,5.66
35,New Mexico,NM,2008,195850.75,42102,4.65
2,New York,NY,2008,273134.75,50461,5.41
9,North Carolina,NC,2008,178163,42930,4.15
47,North Dakota,ND,2008,,49631,
6,Ohio,OH,2008,131794.5,46934,2.81
27,Oklahoma,OK,2008,108215.83,46111,2.35
26,Oregon,OR,2008,282115.67,51727,5.45
5,Pennsylvania,PA,2008,179743.17,51402,3.50
42,Rhode Island,RI,2008,289741,53241,5.44
23,South Carolina,SC,2008,174206,42155,4.13
45,South Dakota,SD,2008,157588.25,51600,3.05
16,Tennessee,TN,2008,150550,39702,3.79
1,Texas,TX,2008,146113.83,46490,3.14
33,Utah,UT,2008,258210.58,62537,4.13
48,Vermont,VT,2008,238284.08,50706,4.70
11,Virginia,VA,2008,268095.67,61985,4.33
12,Washington,WA,2008,306075.75,56631,5.40
36,West Virginia,WV,2008,97989.5,37994,2.58
19,Wisconsin,WI,2008,170799,51200,3.34
50,Wyoming,WY,2008,207966,53337,3.90
22,Alabama,AL,2009,132370.33,39980,3.31
46,Alaska,AK,2009,239287.67,61604,3.88
15,Arizona,AZ,2009,175837.08,45739,3.84
31,Arkansas,AR,2009,108670.17,36538,2.97
0,California,CA,2009,333510.25,56134,5.94
21,Colorado,CO,2009,238108.25,55930,4.26
28,Connecticut,CT,2009,282713.42,64851,4.36
44,Delaware,DE,2009,254126.25,52114,4.88
49,District of Columbia,DC,2009,428320.67,53141,8.06
3,Florida,FL,2009,173159,45631,3.79
8,Georgia,GA,2009,153815,43340,3.55
39,Hawaii,HI,2009,491091.75,55649,8.82
38,Idaho,ID,2009,180232.5,46778,3.85
4,Illinois,IL,2009,198749.92,52870,3.76
14,Indiana,IN,2009,121290.08,44305,2.74
29,Iowa,IA,2009,124936.08,50721,2.46
32,Kansas,KS,2009,127441.25,44717,2.85
25,Kentucky,KY,2009,117244.92,42664,2.75
24,Louisiana,LA,2009,155211,45433,3.42
40,Maine,ME,2009,199502.17,47502,4.20
18,Maryland,MD,2009,294867.67,64186,4.59
13,Massachusetts,MA,2009,327105.75,59373,5.51
7,Michigan,MI,2009,112816.08,45994,2.45
20,Minnesota,MN,2009,191948.08,56090,3.42
30,Mississippi,MS,2009,112711.08,35078,3.21
17,Missouri,MO,2009,137901.5,48769,2.83
43,Montana,MT,2009,216098.83,40437,5.34
37,Nebraska,NE,2009,129900.83,49595,2.62
34,Nevada,NV,2009,183827.08,51434,3.57
41,New Hampshire,NH,2009,232624.25,64131,3.63
10,New Jersey,NJ,2009,338827.42,64777,5.23
35,New Mexico,NM,2009,185889.75,43542,4.27
2,New York,NY,2009,258844.25,50216,5.15
9,North Carolina,NC,2009,170846.92,41906,4.08
47,North Dakota,ND,2009,167975.5,50075,3.35
6,Ohio,OH,2009,125184,45879,2.73
27,Oklahoma,OK,2009,107951.58,45878,2.35
26,Oregon,OR,2009,253967.67,49098,5.17
5,Pennsylvania,PA,2009,173547.42,48172,3.60
42,Rhode Island,RI,2009,255127.92,51634,4.94
23,South Carolina,SC,2009,164262.5,41101,4.00
45,South Dakota,SD,2009,157106.58,45826,3.43
16,Tennessee,TN,2009,144528.67,40517,3.57
1,Texas,TX,2009,142695.33,47475,3.01
33,Utah,UT,2009,233774.08,58491,4.00
48,Vermont,VT,2009,232469.67,52318,4.44
11,Virginia,VA,2009,246992.75,60501,4.08
12,Washington,WA,2009,273602.42,60392,4.53
36,West Virginia,WV,2009,95376.17,40490,2.36
19,Wisconsin,WI,2009,161311.67,51237,3.15
50,Wyoming,WY,2009,204223.17,52470,3.89
22,Alabama,AL,2010,126989.75,40933,3.10
46,Alaska,AK,2010,240032.83,57848,4.15
15,Arizona,AZ,2010,158891.58,46896,3.39
31,Arkansas,AR,2010,107048.33,38587,2.77
0,California,CA,2010,330661.92,54283,6.09
21,Colorado,CO,2010,236130.67,60233,3.92
28,Connecticut,CT,2010,271251.33,65998,4.11
44,Delaware,DE,2010,245521.25,55214,4.45
49,District of Columbia,DC,2010,427800.83,56928,7.51
3,Florida,FL,2010,156990.25,44066,3.56
8,Georgia,GA,2010,143086.92,44117,3.24
39,Hawaii,HI,2010,483500.75,59539,8.12
38,Idaho,ID,2010,163501.75,47050,3.48
4,Illinois,IL,2010,185622.58,50728,3.66
14,Indiana,IN,2010,119746,46139,2.60
29,Iowa,IA,2010,124349.25,49016,2.54
32,Kansas,KS,2010,126855.5,46054,2.75
25,Kentucky,KY,2010,116313.83,41104,2.83
24,Louisiana,LA,2010,154509.58,39300,3.93
40,Maine,ME,2010,193897.5,47931,4.05
18,Maryland,MD,2010,278846.42,64201,4.34
13,Massachusetts,MA,2010,328520.08,60934,5.39
7,Michigan,MI,2010,104353.83,46276,2.26
20,Minnesota,MN,2010,186363.33,52321,3.56
30,Mississippi,MS,2010,109721.83,38160,2.88
17,Missouri,MO,2010,134729.42,45817,2.94
43,Montana,MT,2010,209666.75,41280,5.08
37,Nebraska,NE,2010,131288.67,52504,2.50
34,Nevada,NV,2010,157244.33,51200,3.07
41,New Hampshire,NH,2010,225753.83,66633,3.39
10,New Jersey,NJ,2010,326745.83,62968,5.19
35,New Mexico,NM,2010,179679.42,45134,3.98
2,New York,NY,2010,254776.92,49781,5.12
9,North Carolina,NC,2010,164942.75,43830,3.76
47,North Dakota,ND,2010,168544.92,51006,3.30
6,Ohio,OH,2010,121995,45886,2.66
27,Oklahoma,OK,2010,108858.5,43103,2.53
26,Oregon,OR,2010,239057.83,50602,4.72
5,Pennsylvania,PA,2010,172663.25,48314,3.57
42,Rhode Island,RI,2010,251173.33,51623,4.87
23,South Carolina,SC,2010,158645.33,41698,3.80
45,South Dakota,SD,2010,155983.42,45352,3.44
16,Tennessee,TN,2010,141423.83,38591,3.66
1,Texas,TX,2010,141916.67,47266,3.00
33,Utah,UT,2010,219522.08,56701,3.87
48,Vermont,VT,2010,229221.75,55928,4.10
11,Virginia,VA,2010,242445.92,60367,4.02
12,Washington,WA,2010,257982.08,56163,4.59
36,West Virginia,WV,2010,93407.25,42777,2.18
19,Wisconsin,WI,2010,157191.75,50351,3.12
50,Wyoming,WY,2010,201025.58,52201,3.85
22,Alabama,AL,2011,121019.25,42590,2.84
46,Alaska,AK,2011,237051.08,57431,4.13
15,Arizona,AZ,2011,140843.25,48621,2.90
31,Arkansas,AR,2011,104010.5,41302,2.52
0,California,CA,2011,312302.42,53367,5.85
21,Colorado,CO,2011,227008.75,58629,3.87
28,Connecticut,CT,2011,255717.67,65415,3.91
44,Delaware,DE,2011,229646.92,54660,4.20
49,District of Columbia,DC,2011,423699.42,55251,7.67
3,Florida,FL,2011,142541.75,45105,3.16
8,Georgia,GA,2011,129445.75,45973,2.82
39,Hawaii,HI,2011,482555.75,59047,8.17
38,Idaho,ID,2011,147370.5,47459,3.11
4,Illinois,IL,2011,169315.42,50637,3.34
14,Indiana,IN,2011,116256.92,44445,2.62
29,Iowa,IA,2011,121388.33,50219,2.42
32,Kansas,KS,2011,122733.75,46147,2.66
25,Kentucky,KY,2011,112732.25,39856,2.83
24,Louisiana,LA,2011,150027.42,40658,3.69
40,Maine,ME,2011,189687.83,49693,3.82
18,Maryland,MD,2011,262651,68876,3.81
13,Massachusetts,MA,2011,316036.25,63313,4.99
7,Michigan,MI,2011,97816.75,48879,2.00
20,Minnesota,MN,2011,170751.42,57820,2.95
30,Mississippi,MS,2011,107349.75,41090,2.61
17,Missouri,MO,2011,126809,45774,2.77
43,Montana,MT,2011,202895.83,40277,5.04
37,Nebraska,NE,2011,127302.58,55616,2.29
34,Nevada,NV,2011,141608.17,47043,3.01
41,New Hampshire,NH,2011,218613.75,65880,3.32
10,New Jersey,NJ,2011,305741.75,62338,4.90
35,New Mexico,NM,2011,169593.67,41982,4.04
2,New York,NY,2011,248178.17,50636,4.90
9,North Carolina,NC,2011,157296.58,45206,3.48
47,North Dakota,ND,2011,170622.17,56361,3.03
6,Ohio,OH,2011,115976.5,44648,2.60
27,Oklahoma,OK,2011,106100.33,48455,2.19
26,Oregon,OR,2011,219014.17,51526,4.25
5,Pennsylvania,PA,2011,165300.25,49910,3.31
42,Rhode Island,RI,2011,238065.33,49033,4.86
23,South Carolina,SC,2011,150072.67,40084,3.74
45,South Dakota,SD,2011,155326.17,47223,3.29
16,Tennessee,TN,2011,136410.33,42279,3.23
1,Texas,TX,2011,137394.5,49047,2.80
33,Utah,UT,2011,203002.83,55493,3.66
48,Vermont,VT,2011,228836.08,51862,4.41
11,Virginia,VA,2011,234321.17,62616,3.74
12,Washington,WA,2011,234233.25,56850,4.12
36,West Virginia,WV,2011,92060.75,41821,2.20
19,Wisconsin,WI,2011,146517.83,52058,2.81
50,Wyoming,WY,2011,199124.5,54509,3.65
22,Alabama,AL,2012,118921.67,43464,2.74
46,Alaska,AK,2012,240389.42,63648,3.78
15,Arizona,AZ,2012,150278.5,47044,3.19
31,Arkansas,AR,2012,104882.92,39018,2.69
0,California,CA,2012,310043.5,57020,5.44
21,Colorado,CO,2012,231041.5,57255,4.04
28,Connecticut,CT,2012,240683.5,64247,3.75
44,Delaware,DE,2012,217454.58,48972,4.44
49,District of Columbia,DC,2012,433393.92,65246,6.64
3,Florida,FL,2012,142134.92,46071,3.09
8,Georgia,GA,2012,125422.67,48121,2.61
39,Hawaii,HI,2012,480758.58,56263,8.54
38,Idaho,ID,2012,152180.67,47922,3.18
4,Illinois,IL,2012,158638.17,51738,3.07
14,Indiana,IN,2012,115587.25,46158,2.50
29,Iowa,IA,2012,121741.58,53442,2.28
32,Kansas,KS,2012,121742.33,50003,2.43
25,Kentucky,KY,2012,112036.08,41086,2.73
24,Louisiana,LA,2012,149259.42,39085,3.82
40,Maine,ME,2012,186799.08,49158,3.80
18,Maryland,MD,2012,256455.5,71836,3.57
13,Massachusetts,MA,2012,308652.42,63656,4.85
7,Michigan,MI,2012,98776.17,50015,1.97
20,Minnesota,MN,2012,167876,61795,2.72
30,Mississippi,MS,2012,106158.42,36641,2.90
17,Missouri,MO,2012,123931.58,49764,2.49
43,Montana,MT,2012,205341.75,45088,4.55
37,Nebraska,NE,2012,127598.42,52196,2.44
34,Nevada,NV,2012,139204.5,47333,2.94
41,New Hampshire,NH,2012,213424.67,67819,3.15
10,New Jersey,NJ,2012,289680.58,66692,4.34
35,New Mexico,NM,2012,165923.17,43424,3.82
2,New York,NY,2012,243598.92,47680,5.11
9,North Carolina,NC,2012,153133.67,41553,3.69
47,North Dakota,ND,2012,176634.17,55766,3.17
6,Ohio,OH,2012,112818.92,44375,2.54
27,Oklahoma,OK,2012,106129.08,48407,2.19
26,Oregon,OR,2012,215687.25,51775,4.17
5,Pennsylvania,PA,2012,161605.5,51904,3.11
42,Rhode Island,RI,2012,225003.42,56065,4.01
23,South Carolina,SC,2012,147229.42,44401,3.32
45,South Dakota,SD,2012,156524.92,49415,3.17
16,Tennessee,TN,2012,134757.08,42995,3.13
1,Texas,TX,2012,138078.33,51926,2.66
33,Utah,UT,2012,204713.92,58341,3.51
48,Vermont,VT,2012,228057,55582,4.10
11,Virginia,VA,2012,233170.17,64632,3.61
12,Washington,WA,2012,225901.83,62187,3.63
36,West Virginia,WV,2012,92224,43553,2.12
19,Wisconsin,WI,2012,142350.25,53079,2.68
50,Wyoming,WY,2012,202674.58,57512,3.52
22,Alabama,AL,2013,120395.5,41381,2.91
46,Alaska,AK,2013,246822.5,61137,4.04
15,Arizona,AZ,2013,177180.75,50602,3.50
31,Arkansas,AR,2013,107292.25,39919,2.69
0,California,CA,2013,368782.08,57528,6.41
21,Colorado,CO,2013,249773.67,63371,3.94
28,Connecticut,CT,2013,244972.92,67781,3.61
44,Delaware,DE,2013,216818.42,52219,4.15
49,District of Columbia,DC,2013,479473.83,60675,7.90
3,Florida,FL,2013,158766.92,47886,3.32
8,Georgia,GA,2013,135215.08,47439,2.85
39,Hawaii,HI,2013,506550.08,61408,8.25
38,Idaho,ID,2013,170849.33,51767,3.30
4,Illinois,IL,2013,164188.33,57196,2.87
14,Indiana,IN,2013,117248.67,50553,2.32
29,Iowa,IA,2013,125125.92,54855,2.28
32,Kansas,KS,2013,123461.67,51485,2.40
25,Kentucky,KY,2013,113559.67,42158,2.69
24,Louisiana,LA,2013,151269.08,39622,3.82
40,Maine,ME,2013,190324.33,50121,3.80
18,Maryland,MD,2013,269005.58,65262,4.12
13,Massachusetts,MA,2013,327257.42,62963,5.20
7,Michigan,MI,2013,109666.25,48801,2.25
20,Minnesota,MN,2013,182580.75,60907,3.00
30,Mississippi,MS,2013,105386.33,40850,2.58
17,Missouri,MO,2013,126695.17,50311,2.52
43,Montana,MT,2013,214591.92,44132,4.86
37,Nebraska,NE,2013,133072.33,53774,2.47
34,Nevada,NV,2013,172059,45369,3.79
41,New Hampshire,NH,2013,220932.17,71322,3.10
10,New Jersey,NJ,2013,293956.17,61782,4.76
35,New Mexico,NM,2013,168139.25,42127,3.99
2,New York,NY,2013,248124.92,53843,4.61
9,North Carolina,NC,2013,155602.33,41208,3.78
47,North Dakota,ND,2013,194011.5,52888,3.67
6,Ohio,OH,2013,114566.33,46398,2.47
27,Oklahoma,OK,2013,108519.08,43777,2.48
26,Oregon,OR,2013,236969.42,56307,4.21
5,Pennsylvania,PA,2013,163286.92,53952,3.03
42,Rhode Island,RI,2013,232438,57812,4.02
23,South Carolina,SC,2013,149641.75,43749,3.42
45,South Dakota,SD,2013,161847.92,54453,2.97
16,Tennessee,TN,2013,138018.5,42499,3.25
1,Texas,TX,2013,145782.83,53027,2.75
33,Utah,UT,2013,227338.17,62967,3.61
48,Vermont,VT,2013,228138.58,54842,4.16
11,Virginia,VA,2013,241964.42,67620,3.58
12,Washington,WA,2013,246829.33,60106,4.11
36,West Virginia,WV,2013,93926.33,40241,2.33
19,Wisconsin,WI,2013,145022.25,55258,2.62
50,Wyoming,WY,2013,209674.25,55700,3.76
22,Alabama,AL,2014,122718.5,42278,2.90
46,Alaska,AK,2014,254359.25,67629,3.76
15,Arizona,AZ,2014,192510.67,49254,3.91
31,Arkansas,AR,2014,108914.42,44922,2.42
0,California,CA,2014,416937.33,60487,6.89
21,Colorado,CO,2014,269449.33,60940,4.42
28,Connecticut,CT,2014,247212.33,70161,3.52
44,Delaware,DE,2014,226379.83,57522,3.94
49,District of Columbia,DC,2014,528392.17,68277,7.74
3,Florida,FL,2014,177283.33,46140,3.84
8,Georgia,GA,2014,148376.75,49555,2.99
39,Hawaii,HI,2014,546862.92,71223,7.68
38,Idaho,ID,2014,180629.58,53438,3.38
4,Illinois,IL,2014,174398,54916,3.18
14,Indiana,IN,2014,121254.67,48060,2.52
29,Iowa,IA,2014,128559.25,57810,2.22
32,Kansas,KS,2014,125785,53444,2.35
25,Kentucky,KY,2014,116183.17,42786,2.72
24,Louisiana,LA,2014,154641.58,42406,3.65
40,Maine,ME,2014,191780.42,51710,3.71
18,Maryland,MD,2014,281132.58,76165,3.69
13,Massachusetts,MA,2014,345016.42,63151,5.46
7,Michigan,MI,2014,122477.75,52005,2.36
20,Minnesota,MN,2014,196782.75,67244,2.93
30,Mississippi,MS,2014,106407.42,35521,3.00
17,Missouri,MO,2014,130582.17,56630,2.31
43,Montana,MT,2014,225155.25,51102,4.41
37,Nebraska,NE,2014,137189.25,56870,2.41
34,Nevada,NV,2014,199759.83,49875,4.01
41,New Hampshire,NH,2014,229723.42,73397,3.13
10,New Jersey,NJ,2014,305611.33,65243,4.68
35,New Mexico,NM,2014,172554.92,46686,3.70
2,New York,NY,2014,255865.58,54310,4.71
9,North Carolina,NC,2014,160501.33,46784,3.43
47,North Dakota,ND,2014,208682.33,60730,3.44
6,Ohio,OH,2014,117160.17,49644,2.36
27,Oklahoma,OK,2014,111665.25,47199,2.37
26,Oregon,OR,2014,257670,58875,4.38
5,Pennsylvania,PA,2014,166190.5,55173,3.01
42,Rhode Island,RI,2014,242730,58633,4.14
23,South Carolina,SC,2014,155123,44929,3.45
45,South Dakota,SD,2014,167396.42,53053,3.16
16,Tennessee,TN,2014,143614.92,43716,3.29
1,Texas,TX,2014,157042.42,53875,2.91
33,Utah,UT,2014,241173.17,63383,3.81
48,Vermont,VT,2014,228344.92,60708,3.76
11,Virginia,VA,2014,249371.42,66155,3.77
12,Washington,WA,2014,265904.25,59068,4.50
36,West Virginia,WV,2014,96202.5,39552,2.43
19,Wisconsin,WI,2014,151256.33,58080,2.60
50,Wyoming,WY,2014,216853.08,55690,3.89
22,Alabama,AL,2015,125482.33,44509,2.82
46,Alaska,AK,2015,262664.67,75112,3.50
15,Arizona,AZ,2015,201532.25,52248,3.86
31,Arkansas,AR,2015,111501.67,42798,2.61
0,California,CA,2015,439917.58,63636,6.91
21,Colorado,CO,2015,298142.67,66596,4.48
28,Connecticut,CT,2015,245333.42,72889,3.37
44,Delaware,DE,2015,233140.75,57756,4.04
49,District of Columbia,DC,2015,536182.42,70071,7.65
3,Florida,FL,2015,189781.83,48825,3.89
8,Georgia,GA,2015,157256.33,50768,3.10
39,Hawaii,HI,2015,567588,64514,8.80
38,Idaho,ID,2015,189291.83,51624,3.67
4,Illinois,IL,2015,179720.42,60413,2.97
14,Indiana,IN,2015,124929.25,51983,2.40
29,Iowa,IA,2015,132385.5,60855,2.18
32,Kansas,KS,2015,130222.25,54865,2.37
25,Kentucky,KY,2015,119952.17,42387,2.83
24,Louisiana,LA,2015,158273.83,45922,3.45
40,Maine,ME,2015,196285.42,50756,3.87
18,Maryland,MD,2015,282484.92,73594,3.84
13,Massachusetts,MA,2015,357485.42,67861,5.27
7,Michigan,MI,2015,129525.42,54203,2.39
20,Minnesota,MN,2015,203690.42,68730,2.96
30,Mississippi,MS,2015,110859.67,40037,2.77
17,Missouri,MO,2015,134944.75,59196,2.28
43,Montana,MT,2015,234738.17,51395,4.57
37,Nebraska,NE,2015,143610.5,60474,2.37
34,Nevada,NV,2015,214371.33,52008,4.12
41,New Hampshire,NH,2015,238270.75,75675,3.15
10,New Jersey,NJ,2015,307914.33,68357,4.50
35,New Mexico,NM,2015,174087.33,45119,3.86
2,New York,NY,2015,261299.5,58005,4.50
9,North Carolina,NC,2015,165376.33,50797,3.26
47,North Dakota,ND,2015,222575.67,57415,3.88
6,Ohio,OH,2015,121491.67,53301,2.28
27,Oklahoma,OK,2015,115688.83,47077,2.46
26,Oregon,OR,2015,277686,60834,4.56
5,Pennsylvania,PA,2015,168720.17,60389,2.79
42,Rhode Island,RI,2015,246830.67,55701,4.43
23,South Carolina,SC,2015,160409.75,46360,3.46
45,South Dakota,SD,2015,174426.92,55065,3.17
16,Tennessee,TN,2015,149165,47330,3.15
1,Texas,TX,2015,169239.5,56473,3.00
33,Utah,UT,2015,253595.75,66258,3.83
48,Vermont,VT,2015,230268.83,59494,3.87
11,Virginia,VA,2015,252191.42,61486,4.10
12,Washington,WA,2015,286327.83,67243,4.26
36,West Virginia,WV,2015,98644.08,42824,2.30
19,Wisconsin,WI,2015,155267.17,55425,2.80
50,Wyoming,WY,2015,225163.17,60925,3.70
22,Alabama,AL,2016,128569.42,47221,2.72
46,Alaska,AK,2016,267407.92,75723,3.53
15,Arizona,AZ,2016,214525.25,57100,3.76
31,Arkansas,AR,2016,115201.67,45907,2.51
0,California,CA,2016,470662.92,66637,7.06
21,Colorado,CO,2016,330176.75,70566,4.68
28,Connecticut,CT,2016,245276.33,75923,3.23
44,Delaware,DE,2016,240982.17,58046,4.15
49,District of Columbia,DC,2016,559512.17,70982,7.88
3,Florida,FL,2016,205088.25,51176,4.01
8,Georgia,GA,2016,166632.67,53527,3.11
39,Hawaii,HI,2016,590813.92,72133,8.19
38,Idaho,ID,2016,204469.92,56564,3.61
4,Illinois,IL,2016,186358.58,61386,3.04
14,Indiana,IN,2016,129598.75,56094,2.31
29,Iowa,IA,2016,137352.75,59094,2.32
32,Kansas,KS,2016,135390,56810,2.38
25,Kentucky,KY,2016,125226.67,45369,2.76
24,Louisiana,LA,2016,162215.67,42196,3.84
40,Maine,ME,2016,205459.58,50856,4.04
18,Maryland,MD,2016,287715.58,73760,3.90
13,Massachusetts,MA,2016,374454.5,72266,5.18
7,Michigan,MI,2016,137770.08,57091,2.41
20,Minnesota,MN,2016,215400.33,70218,3.07
30,Mississippi,MS,2016,113634.08,41099,2.76
17,Missouri,MO,2016,141375.17,55016,2.57
43,Montana,MT,2016,242321.17,57075,4.25
37,Nebraska,NE,2016,150250.17,59374,2.53
34,Nevada,NV,2016,230417.42,55431,4.16
41,New Hampshire,NH,2016,247305.58,76260,3.24
10,New Jersey,NJ,2016,310401.17,68468,4.53
35,New Mexico,NM,2016,178259.67,48451,3.68
2,New York,NY,2016,268919,61437,4.38
9,North Carolina,NC,2016,172381.92,53764,3.21
47,North Dakota,ND,2016,229435.67,60184,3.81
6,Ohio,OH,2016,126831.17,53985,2.35
27,Oklahoma,OK,2016,118851.5,50943,2.33
26,Oregon,OR,2016,307654.25,59135,5.20
5,Pennsylvania,PA,2016,172854.08,60979,2.83
42,Rhode Island,RI,2016,259252.08,61528,4.21
23,South Carolina,SC,2016,167487.92,54336,3.08
45,South Dakota,SD,2016,183273.33,57450,3.19
16,Tennessee,TN,2016,157779.75,51344,3.07
1,Texas,TX,2016,181008.83,58146,3.11
33,Utah,UT,2016,274004.08,67481,4.06
48,Vermont,VT,2016,232349.67,60837,3.82
11,Virginia,VA,2016,256546.42,66451,3.86
12,Washington,WA,2016,316218.08,70310,4.50
36,West Virginia,WV,2016,101045.17,44354,2.28
19,Wisconsin,WI,2016,162098.67,59817,2.71
50,Wyoming,WY,2016,229972.83,57829,3.98
22,Alabama,AL,2017,132678,51113,2.60
46,Alaska,AK,2017,268502.5,72231,3.72
15,Arizona,AZ,2017,228748.75,61125,3.74
31,Arkansas,AR,2017,119884.08,48829,2.46
0,California,CA,2017,501841.92,69759,7.19
21,Colorado,CO,2017,359251,74172,4.84
28,Connecticut,CT,2017,251242.33,72780,3.45
44,Delaware,DE,2017,247470.92,62318,3.97
49,District of Columbia,DC,2017,586267.17,83382,7.03
3,Florida,FL,2017,220356.67,53681,4.10
8,Georgia,GA,2017,177260.33,57016,3.11
39,Hawaii,HI,2017,625122,73575,8.50
38,Idaho,ID,2017,222564.75,60208,3.70
4,Illinois,IL,2017,195813.67,64609,3.03
14,Indiana,IN,2017,137043.75,58873,2.33
29,Iowa,IA,2017,143215.67,63481,2.26
32,Kansas,KS,2017,141772.33,57872,2.45
25,Kentucky,KY,2017,132466.83,51348,2.58
24,Louisiana,LA,2017,166403.67,43903,3.79
40,Maine,ME,2017,217891.17,51664,4.22
18,Maryland,MD,2017,297915.75,81084,3.67
13,Massachusetts,MA,2017,395852.42,73227,5.41
7,Michigan,MI,2017,148964.75,57700,2.58
20,Minnesota,MN,2017,229685.75,71920,3.19
30,Mississippi,MS,2017,117099.42,43441,2.70
17,Missouri,MO,2017,149654.42,56885,2.63
43,Montana,MT,2017,253757.5,59087,4.29
37,Nebraska,NE,2017,160456,59619,2.69
34,Nevada,NV,2017,249321.67,56550,4.41
41,New Hampshire,NH,2017,262376.92,74801,3.51
10,New Jersey,NJ,2017,318810.42,72997,4.37
35,New Mexico,NM,2017,184282.08,47855,3.85
2,New York,NY,2017,281231,62447,4.50
9,North Carolina,NC,2017,182703.92,50343,3.63
47,North Dakota,ND,2017,231290.83,59886,3.86
6,Ohio,OH,2017,134556.67,59768,2.25
27,Oklahoma,OK,2017,122949.58,55006,2.24
26,Oregon,OR,2017,335245.92,64610,5.19
5,Pennsylvania,PA,2017,179466.83,63173,2.84
42,Rhode Island,RI,2017,274961.58,66390,4.14
23,South Carolina,SC,2017,175827.83,54971,3.20
45,South Dakota,SD,2017,193987.08,56894,3.41
16,Tennessee,TN,2017,169021.42,55240,3.06
1,Texas,TX,2017,192894.83,59295,3.25
33,Utah,UT,2017,298568.33,71319,4.19
48,Vermont,VT,2017,239348.25,63805,3.75
11,Virginia,VA,2017,265470.08,71293,3.72
12,Washington,WA,2017,351542.33,75418,4.66
36,West Virginia,WV,2017,103094.67,45392,2.27
19,Wisconsin,WI,2017,172845.42,63451,2.72
50,Wyoming,WY,2017,231480.92,57837,4.00
22,Alabama,AL,2018,138818.25,51113,2.72
46,Alaska,AK,2018,270301.58,72231,3.74
15,Arizona,AZ,2018,246023,61125,4.02
31,Arkansas,AR,2018,125388.83,48829,2.57
0,California,CA,2018,541072.92,69759,7.76
21,Colorado,CO,2018,386961.33,74172,5.22
28,Connecticut,CT,2018,257977.67,72780,3.54
44,Delaware,DE,2018,256844.83,62318,4.12
49,District of Columbia,DC,2018,608188.75,83382,7.29
3,Florida,FL,2018,235672.75,53681,4.39
8,Georgia,GA,2018,192610.17,57016,3.38
39,Hawaii,HI,2018,652439.25,73575,8.87
38,Idaho,ID,2018,250502.83,60208,4.16
4,Illinois,IL,2018,203535.33,64609,3.15
14,Indiana,IN,2018,146838.17,58873,2.49
29,Iowa,IA,2018,148746.5,63481,2.34
32,Kansas,KS,2018,149163.42,57872,2.58
25,Kentucky,KY,2018,140041.58,51348,2.73
24,Louisiana,LA,2018,170439.42,43903,3.88
40,Maine,ME,2018,231217.5,51664,4.48
18,Maryland,MD,2018,308787.75,81084,3.81
13,Massachusetts,MA,2018,419536.25,73227,5.73
7,Michigan,MI,2018,161384.42,57700,2.80
20,Minnesota,MN,2018,245382.33,71920,3.41
30,Mississippi,MS,2018,121318.17,43441,2.79
17,Missouri,MO,2018,158645.83,56885,2.79
43,Montana,MT,2018,268141.92,59087,4.54
37,Nebraska,NE,2018,171270.75,59619,2.87
34,Nevada,NV,2018,286444.42,56550,5.07
41,New Hampshire,NH,2018,279451.08,74801,3.74
10,New Jersey,NJ,2018,332765.25,72997,4.56
35,New Mexico,NM,2018,191673.67,47855,4.01
2,New York,NY,2018,297204.67,62447,4.76
9,North Carolina,NC,2018,194792.42,50343,3.87
47,North Dakota,ND,2018,232211,59886,3.88
6,Ohio,OH,2018,143435.08,59768,2.40
27,Oklahoma,OK,2018,126860.83,55006,2.31
26,Oregon,OR,2018,357260.92,64610,5.53
5,Pennsylvania,PA,2018,189277.92,63173,3.00
42,Rhode Island,RI,2018,294113,66390,4.43
23,South Carolina,SC,2018,186089.92,54971,3.39
45,South Dakota,SD,2018,203420.17,56894,3.58
16,Tennessee,TN,2018,181729,55240,3.29
1,Texas,TX,2018,204280.17,59295,3.45
33,Utah,UT,2018,327432.08,71319,4.59
48,Vermont,VT,2018,249590.17,63805,3.91
11,Virginia,VA,2018,274899.92,71293,3.86
12,Washington,WA,2018,388630.5,75418,5.15
36,West Virginia,WV,2018,106796.58,45392,2.35
19,Wisconsin,WI,2018,184842.42,63451,2.91
50,Wyoming,WY,2018,239582,57837,4.14
22,Alabama,AL,2019,145619.08,56200,2.59
46,Alaska,AK,2019,285764.36,78394,3.65
15,Arizona,AZ,2019,261280.17,70674,3.70
31,Arkansas,AR,2019,130634,54539,2.40
0,California,CA,2019,551136,78105,7.06
21,Colorado,CO,2019,403891.83,72499,5.57
28,Connecticut,CT,2019,261088,87291,2.99
44,Delaware,DE,2019,263923.92,74194,3.56
49,District of Columbia,DC,2019,633390.25,93111,6.80
3,Florida,FL,2019,246813.33,58368,4.23
8,Georgia,GA,2019,205353.33,56628,3.63
39,Hawaii,HI,2019,663214.92,88006,7.54
38,Idaho,ID,2019,280418.83,65988,4.25
4,Illinois,IL,2019,207681.08,74399,2.79
14,Indiana,IN,2019,156597.83,66693,2.35
29,Iowa,IA,2019,154165,66054,2.33
32,Kansas,KS,2019,155594.25,73151,2.13
25,Kentucky,KY,2019,146649.42,55662,2.63
24,Louisiana,LA,2019,171424.83,51707,3.32
40,Maine,ME,2019,241352.58,66546,3.63
18,Maryland,MD,2019,315937.5,95572,3.31
13,Massachusetts,MA,2019,429795.08,87707,4.90
7,Michigan,MI,2019,171455.58,64119,2.67
20,Minnesota,MN,2019,257142.5,81426,3.16
30,Mississippi,MS,2019,126346.17,44787,2.82
17,Missouri,MO,2019,166635.67,60597,2.75
43,Montana,MT,2019,283306.92,60195,4.71
37,Nebraska,NE,2019,180590.83,73071,2.47
34,Nevada,NV,2019,303540.5,70906,4.28
41,New Hampshire,NH,2019,291649.92,86900,3.36
10,New Jersey,NJ,2019,340583.75,87726,3.88
35,New Mexico,NM,2019,202535.83,53113,3.81
2,New York,NY,2019,309581.33,71855,4.31
9,North Carolina,NC,2019,206379.58,61159,3.37
47,North Dakota,ND,2019,234315.83,70031,3.35
6,Ohio,OH,2019,151973.58,64663,2.35
27,Oklahoma,OK,2019,131472.08,59397,2.21
26,Oregon,OR,2019,370676.67,74413,4.98
5,Pennsylvania,PA,2019,197445.67,70582,2.80
42,Rhode Island,RI,2019,302629.42,70151,4.31
23,South Carolina,SC,2019,195225.25,62028,3.15
45,South Dakota,SD,2019,213246.92,64255,3.32
16,Tennessee,TN,2019,192795.08,56627,3.40
1,Texas,TX,2019,214064,67444,3.17
33,Utah,UT,2019,353006.75,84523,4.18
48,Vermont,VT,2019,257780.25,74305,3.47
11,Virginia,VA,2019,285608.5,81313,3.51
12,Washington,WA,2019,405174.25,82454,4.91
36,West Virginia,WV,2019,110180.5,53706,2.05
19,Wisconsin,WI,2019,194918.83,67355,2.89
50,Wyoming,WY,2019,251059.75,65134,3.85
22,Alabama,AL,2020,155009.83,54393,2.85
46,Alaska,AK,2020,290507,74476,3.90
15,Arizona,AZ,2020,286914.5,66628,4.31
31,Arkansas,AR,2020,136170.92,50540,2.69
0,California,CA,2020,580133.83,77358,7.50
21,Colorado,CO,2020,422151.33,82611,5.11
28,Connecticut,CT,2020,270228.2,79043,3.42
44,Delaware,DE,2020,272280.08,69132,3.94
49,District of Columbia,DC,2020,649736.42,88311,7.36
3,Florida,FL,2020,258728.67,57435,4.50
8,Georgia,GA,2020,216654.25,58952,3.68
39,Hawaii,HI,2020,670622.08,80729,8.31
38,Idaho,ID,2020,311922.67,66499,4.69
4,Illinois,IL,2020,212120.58,73753,2.88
14,Indiana,IN,2020,166305.25,66360,2.51
29,Iowa,IA,2020,158515.25,68469,2.32
32,Kansas,KS,2020,162559.82,72815,2.23
25,Kentucky,KY,2020,154452.08,56525,2.73
24,Louisiana,LA,2020,176318.92,50935,3.46
40,Maine,ME,2020,260633.42,63440,4.11
18,Maryland,MD,2020,326200.58,94384,3.46
13,Massachusetts,MA,2020,450307.5,86725,5.19
7,Michigan,MI,2020,181323.83,63829,2.84
20,Minnesota,MN,2020,269753.75,78461,3.44
30,Mississippi,MS,2020,130949.42,44966,2.91
17,Missouri,MO,2020,175134.17,61901,2.83
43,Montana,MT,2020,300301.42,56442,5.32
37,Nebraska,NE,2020,189613.42,72024,2.63
34,Nevada,NV,2020,314986.75,60956,5.17
41,New Hampshire,NH,2020,310602.92,88235,3.52
10,New Jersey,NJ,2020,354035.67,85239,4.15
35,New Mexico,NM,2020,216369.58,50822,4.26
2,New York,NY,2020,320105.42,68304,4.69
9,North Carolina,NC,2020,218711.58,60266,3.63
47,North Dakota,ND,2020,238326.5,63657,3.74
6,Ohio,OH,2020,161732.75,60110,2.69
27,Oklahoma,OK,2020,139120.17,52341,2.66
26,Oregon,OR,2020,389884,76554,5.09
5,Pennsylvania,PA,2020,206959.8,70117,2.95
42,Rhode Island,RI,2020,319715.42,80012,4.00
23,South Carolina,SC,2020,204840.83,60097,3.41
45,South Dakota,SD,2020,221643.92,69787,3.18
16,Tennessee,TN,2020,206241.17,54665,3.77
1,Texas,TX,2020,222479.25,68093,3.27
33,Utah,UT,2020,379497.08,83670,4.54
48,Vermont,VT,2020,266787.33,66902,3.99
11,Virginia,VA,2020,298237.42,81947,3.64
12,Washington,WA,2020,438538.58,81083,5.41
36,West Virginia,WV,2020,113007.75,51615,2.19
19,Wisconsin,WI,2020,206652,67094,3.08
50,Wyoming,WY,2020,262022.25,65108,4.02