Rank,Region Name,State Name,Latitude,Longitude,Year,Average House Price
1,"New York, NY",NY,40.712776,-74.005974,2000,236827.08
1,"New York, NY",NY,40.712776,-74.005974,2001,266033.25
1,"New York, NY",NY,40.712776,-74.005974,2002,299735.42
1,"New York, NY",NY,40.712776,-74.005974,2003,343624.08
1,"New York, NY",NY,40.712776,-74.005974,2004,387843.25
1,"New York, NY",NY,40.712776,-74.005974,2005,442347.0
1,"New York, NY",NY,40.712776,-74.005974,2006,483268.58
1,"New York, NY",NY,40.712776,-74.005974,2007,476056.83
1,"New York, NY",NY,40.712776,-74.005974,2008,452438.42
1,"New York, NY",NY,40.712776,-74.005974,2009,415226.75
1,"New York, NY",NY,40.712776,-74.005974,2010,403846.42
1,"New York, NY",NY,40.712776,-74.005974,2011,390579.92
1,"New York, NY",NY,40.712776,-74.005974,2012,377261.92
1,"New York, NY",NY,40.712776,-74.005974,2013,385477.92
1,"New York, NY",NY,40.712776,-74.005974,2014,404062.33
1,"New York, NY",NY,40.712776,-74.005974,2015,414246.67
1,"New York, NY",NY,40.712776,-74.005974,2016,425859.33
1,"New York, NY",NY,40.712776,-74.005974,2017,445336.33
1,"New York, NY",NY,40.712776,-74.005974,2018,469554.75
1,"New York, NY",NY,40.712776,-74.005974,2019,481806.58
1,"New York, NY",NY,40.712776,-74.005974,2020,493600.83
1,"New York, NY",NY,40.712776,-74.005974,2021,550044.17
1,"New York, NY",NY,40.712776,-74.005974,2022,598261.17
2,"Los Angeles-Long Beach-Anaheim, CA",CA,34.052235,-118.243683,2000,241943.75
2,"Los Angeles-Long Beach-Anaheim, CA",CA,34.052235,-118.243683,2001,268873.58
2,"Los Angeles-Long Beach-Anaheim, CA",CA,34.052235,-118.243683,2002,306142.75
2,"Los Angeles-Long Beach-Anaheim, CA",CA,34.052235,-118.243683,2003,364845.33
2,"Los Angeles-Long Beach-Anaheim, CA",CA,34.052235,-118.243683,2004,457496.83
2,"Los Angeles-Long Beach-Anaheim, CA",CA,34.052235,-118.243683,2005,553647.42
2,"Los Angeles-Long Beach-Anaheim, CA",CA,34.052235,-118.243683,2006,621376.0
2,"Los Angeles-Long Beach-Anaheim, CA",CA,34.052235,-118.243683,2007,608126.17
2,"Los Angeles-Long Beach-Anaheim, CA",CA,34.052235,-118.243683,2008,507413.08
2,"Los Angeles-Long Beach-Anaheim, CA",CA,34.052235,-118.243683,2009,430364.67
2,"Los Angeles-Long Beach-Anaheim, CA",CA,34.052235,-118.243683,2010,430944.42
2,"Los Angeles-Long Beach-Anaheim, CA",CA,34.052235,-118.243683,2011,407335.67
2,"Los Angeles-Long Beach-Anaheim, CA",CA,34.052235,-118.243683,2012,401905.33
2,"Los Angeles-Long Beach-Anaheim, CA",CA,34.052235,-118.243683,2013,471110.75
2,"Los Angeles-Long Beach-Anaheim, CA",CA,34.052235,-118.243683,2014,516913.25
2,"Los Angeles-Long Beach-Anaheim, CA",CA,34.052235,-118.243683,2015,542728.08
2,"Los Angeles-Long Beach-Anaheim, CA",CA,34.052235,-118.243683,2016,579046.5
2,"Los Angeles-Long Beach-Anaheim, CA",CA,34.052235,-118.243683,2017,615096.67
2,"Los Angeles-Long Beach-Anaheim, CA",CA,34.052235,-118.243683,2018,657880.83
2,"Los Angeles-Long Beach-Anaheim, CA",CA,34.052235,-118.243683,2019,665844.5
2,"Los Angeles-Long Beach-Anaheim, CA",CA,34.052235,-118.243683,2020,702148.0
2,"Los Angeles-Long Beach-Anaheim, CA",CA,34.052235,-118.243683,2021,807171.17
2,"Los Angeles-Long Beach-Anaheim, CA",CA,34.052235,-118.243683,2022,915928.67
3,"Chicago, IL",IL,41.878113,-87.629799,2000,176549.08
3,"Chicago, IL",IL,41.878113,-87.629799,2001,191223.17
3,"Chicago, IL",IL,41.878113,-87.629799,2002,205865.08
3,"Chicago, IL",IL,41.878113,-87.629799,2003,220932.25
3,"Chicago, IL",IL,41.878113,-87.629799,2004,237636.92
3,"Chicago, IL",IL,41.878113,-87.629799,2005,258311.83
3,"Chicago, IL",IL,41.878113,-87.629799,2006,275483.67
3,"Chicago, IL",IL,41.878113,-87.629799,2007,277622.17
3,"Chicago, IL",IL,41.878113,-87.629799,2008,257697.44
3,"Chicago, IL",IL,41.878113,-87.629799,2009,228436.0
3,"Chicago, IL",IL,41.878113,-87.629799,2010,212370.75
3,"Chicago, IL",IL,41.878113,-87.629799,2011,192661.75
3,"Chicago, IL",IL,41.878113,-87.629799,2012,180019.25
3,"Chicago, IL",IL,41.878113,-87.629799,2013,187844.08
3,"Chicago, IL",IL,41.878113,-87.629799,2014,201624.58
3,"Chicago, IL",IL,41.878113,-87.629799,2015,208050.92
3,"Chicago, IL",IL,41.878113,-87.629799,2016,216025.25
3,"Chicago, IL",IL,41.878113,-87.629799,2017,227980.08
3,"Chicago, IL",IL,41.878113,-87.629799,2018,237980.75
3,"Chicago, IL",IL,41.878113,-87.629799,2019,243034.67
3,"Chicago, IL",IL,41.878113,-87.629799,2020,248356.33
3,"Chicago, IL",IL,41.878113,-87.629799,2021,276496.33
3,"Chicago, IL",IL,41.878113,-87.629799,2022,304300.5
4,"Dallas-Fort Worth, TX",TX,32.7079,-96.9209,2000,132808.17
4,"Dallas-Fort Worth, TX",TX,32.7079,-96.9209,2001,135011.17
4,"Dallas-Fort Worth, TX",TX,32.7079,-96.9209,2002,138513.67
4,"Dallas-Fort Worth, TX",TX,32.7079,-96.9209,2003,142382.5
4,"Dallas-Fort Worth, TX",TX,32.7079,-96.9209,2004,150501.18
4,"Dallas-Fort Worth, TX",TX,32.7079,-96.9209,2005,155424.17
4,"Dallas-Fort Worth, TX",TX,32.7079,-96.9209,2006,158789.08
4,"Dallas-Fort Worth, TX",TX,32.7079,-96.9209,2007,161614.42
4,"Dallas-Fort Worth, TX",TX,32.7079,-96.9209,2008,157849.58
4,"Dallas-Fort Worth, TX",TX,32.7079,-96.9209,2009,154104.0
4,"Dallas-Fort Worth, TX",TX,32.7079,-96.9209,2010,153334.33
4,"Dallas-Fort Worth, TX",TX,32.7079,-96.9209,2011,147387.08
4,"Dallas-Fort Worth, TX",TX,32.7079,-96.9209,2012,148654.17
4,"Dallas-Fort Worth, TX",TX,32.7079,-96.9209,2013,157979.42
4,"Dallas-Fort Worth, TX",TX,32.7079,-96.9209,2014,170512.75
4,"Dallas-Fort Worth, TX",TX,32.7079,-96.9209,2015,186674.5
4,"Dallas-Fort Worth, TX",TX,32.7079,-96.9209,2016,206421.42
4,"Dallas-Fort Worth, TX",TX,32.7079,-96.9209,2017,226777.92
4,"Dallas-Fort Worth, TX",TX,32.7079,-96.9209,2018,245533.25
4,"Dallas-Fort Worth, TX",TX,32.7079,-96.9209,2019,256418.25
4,"Dallas-Fort Worth, TX",TX,32.7079,-96.9209,2020,266272.83
4,"Dallas-Fort Worth, TX",TX,32.7079,-96.9209,2021,311802.92
4,"Dallas-Fort Worth, TX",TX,32.7079,-96.9209,2022,376481.5
5,"Philadelphia, PA",PA,39.952583,-75.165222,2000,133527.17
5,"Philadelphia, PA",PA,39.952583,-75.165222,2001,141721.5
5,"Philadelphia, PA",PA,39.952583,-75.165222,2002,154170.67
5,"Philadelphia, PA",PA,39.952583,-75.165222,2003,173339.83
5,"Philadelphia, PA",PA,39.952583,-75.165222,2004,196947.75
5,"Philadelphia, PA",PA,39.952583,-75.165222,2005,226399.83
5,"Philadelphia, PA",PA,39.952583,-75.165222,2006,250232.67
5,"Philadelphia, PA",PA,39.952583,-75.165222,2007,254649.0
5,"Philadelphia, PA",PA,39.952583,-75.165222,2008,247900.5
5,"Philadelphia, PA",PA,39.952583,-75.165222,2009,234594.67
5,"Philadelphia, PA",PA,39.952583,-75.165222,2010,230240.83
5,"Philadelphia, PA",PA,39.952583,-75.165222,2011,217050.17
5,"Philadelphia, PA",PA,39.952583,-75.165222,2012,208110.75
5,"Philadelphia, PA",PA,39.952583,-75.165222,2013,210178.17
5,"Philadelphia, PA",PA,39.952583,-75.165222,2014,214962.58
5,"Philadelphia, PA",PA,39.952583,-75.165222,2015,217137.0
5,"Philadelphia, PA",PA,39.952583,-75.165222,2016,220698.5
5,"Philadelphia, PA",PA,39.952583,-75.165222,2017,229037.92
5,"Philadelphia, PA",PA,39.952583,-75.165222,2018,239913.67
5,"Philadelphia, PA",PA,39.952583,-75.165222,2019,248964.58
5,"Philadelphia, PA",PA,39.952583,-75.165222,2020,261152.33
5,"Philadelphia, PA",PA,39.952583,-75.165222,2021,298964.0
5,"Philadelphia, PA",PA,39.952583,-75.165222,2022,327192.67
6,"Houston, TX",TX,29.760427,-95.369804,2000,127188.33
6,"Houston, TX",TX,29.760427,-95.369804,2001,128732.92
6,"Houston, TX",TX,29.760427,-95.369804,2002,132013.5
6,"Houston, TX",TX,29.760427,-95.369804,2003,136298.0
6,"Houston, TX",TX,29.760427,-95.369804,2004,144172.73
6,"Houston, TX",TX,29.760427,-95.369804,2005,150766.58
6,"Houston, TX",TX,29.760427,-95.369804,2006,153680.58
6,"Houston, TX",TX,29.760427,-95.369804,2007,158722.58
6,"Houston, TX",TX,29.760427,-95.369804,2008,157659.67
6,"Houston, TX",TX,29.760427,-95.369804,2009,153815.92
6,"Houston, TX",TX,29.760427,-95.369804,2010,153467.08
6,"Houston, TX",TX,29.760427,-95.369804,2011,146966.25
6,"Houston, TX",TX,29.760427,-95.369804,2012,146784.42
6,"Houston, TX",TX,29.760427,-95.369804,2013,157187.25
6,"Houston, TX",TX,29.760427,-95.369804,2014,172962.83
6,"Houston, TX",TX,29.760427,-95.369804,2015,188520.42
6,"Houston, TX",TX,29.760427,-95.369804,2016,197444.5
6,"Houston, TX",TX,29.760427,-95.369804,2017,204210.92
6,"Houston, TX",TX,29.760427,-95.369804,2018,211978.5
6,"Houston, TX",TX,29.760427,-95.369804,2019,219975.17
6,"Houston, TX",TX,29.760427,-95.369804,2020,227308.58
6,"Houston, TX",TX,29.760427,-95.369804,2021,258184.33
6,"Houston, TX",TX,29.760427,-95.369804,2022,297504.17
7,"Washington, DC",DC,38.907192,-77.036873,2000,198641.92
7,"Washington, DC",DC,38.907192,-77.036873,2001,220119.33
7,"Washington, DC",DC,38.907192,-77.036873,2002,250229.83
7,"Washington, DC",DC,38.907192,-77.036873,2003,287415.58
7,"Washington, DC",DC,38.907192,-77.036873,2004,339667.42
7,"Washington, DC",DC,38.907192,-77.036873,2005,417513.75
7,"Washington, DC",DC,38.907192,-77.036873,2006,464624.5
7,"Washington, DC",DC,38.907192,-77.036873,2007,447572.5
7,"Washington, DC",DC,38.907192,-77.036873,2008,393609.17
7,"Washington, DC",DC,38.907192,-77.036873,2009,344768.67
7,"Washington, DC",DC,38.907192,-77.036873,2010,342627.0
7,"Washington, DC",DC,38.907192,-77.036873,2011,336549.67
7,"Washington, DC",DC,38.907192,-77.036873,2012,340092.67
7,"Washington, DC",DC,38.907192,-77.036873,2013,364814.92
7,"Washington, DC",DC,38.907192,-77.036873,2014,383244.5
7,"Washington, DC",DC,38.907192,-77.036873,2015,384988.67
7,"Washington, DC",DC,38.907192,-77.036873,2016,391141.42
7,"Washington, DC",DC,38.907192,-77.036873,2017,404749.75
7,"Washington, DC",DC,38.907192,-77.036873,2018,419384.08
7,"Washington, DC",DC,38.907192,-77.036873,2019,433120.83
7,"Washington, DC",DC,38.907192,-77.036873,2020,452752.17
7,"Washington, DC",DC,38.907192,-77.036873,2021,507327.83
7,"Washington, DC",DC,38.907192,-77.036873,2022,545990.33
8,"Miami-Fort Lauderdale, FL",FL,26.09906,-80.134361,2000,129246.42
8,"Miami-Fort Lauderdale, FL",FL,26.09906,-80.134361,2001,142257.0
8,"Miami-Fort Lauderdale, FL",FL,26.09906,-80.134361,2002,162037.83
8,"Miami-Fort Lauderdale, FL",FL,26.09906,-80.134361,2003,186210.42
8,"Miami-Fort Lauderdale, FL",FL,26.09906,-80.134361,2004,218065.42
8,"Miami-Fort Lauderdale, FL",FL,26.09906,-80.134361,2005,272724.42
8,"Miami-Fort Lauderdale, FL",FL,26.09906,-80.134361,2006,328115.58
8,"Miami-Fort Lauderdale, FL",FL,26.09906,-80.134361,2007,322462.0
8,"Miami-Fort Lauderdale, FL",FL,26.09906,-80.134361,2008,260550.67
8,"Miami-Fort Lauderdale, FL",FL,26.09906,-80.134361,2009,197716.17
8,"Miami-Fort Lauderdale, FL",FL,26.09906,-80.134361,2010,177786.83
8,"Miami-Fort Lauderdale, FL",FL,26.09906,-80.134361,2011,164052.67
8,"Miami-Fort Lauderdale, FL",FL,26.09906,-80.134361,2012,166311.17
8,"Miami-Fort Lauderdale, FL",FL,26.09906,-80.134361,2013,190548.42
8,"Miami-Fort Lauderdale, FL",FL,26.09906,-80.134361,2014,219425.42
8,"Miami-Fort Lauderdale, FL",FL,26.09906,-80.134361,2015,235767.92
8,"Miami-Fort Lauderdale, FL",FL,26.09906,-80.134361,2016,254029.33
8,"Miami-Fort Lauderdale, FL",FL,26.09906,-80.134361,2017,271221.67
8,"Miami-Fort Lauderdale, FL",FL,26.09906,-80.134361,2018,288228.5
8,"Miami-Fort Lauderdale, FL",FL,26.09906,-80.134361,2019,299560.92
8,"Miami-Fort Lauderdale, FL",FL,26.09906,-80.134361,2020,311398.83
8,"Miami-Fort Lauderdale, FL",FL,26.09906,-80.134361,2021,355586.0
8,"Miami-Fort Lauderdale, FL",FL,26.09906,-80.134361,2022,427619.5
9,"Atlanta, GA",GA,33.748997,-84.387985,2000,159177.67
9,"Atlanta, GA",GA,33.748997,-84.387985,2001,170485.58
9,"Atlanta, GA",GA,33.748997,-84.387985,2002,178353.5
9,"Atlanta, GA",GA,33.748997,-84.387985,2003,182995.0
9,"Atlanta, GA",GA,33.748997,-84.387985,2004,187308.67
9,"Atlanta, GA",GA,33.748997,-84.387985,2005,193663.33
9,"Atlanta, GA",GA,33.748997,-84.387985,2006,200757.67
9,"Atlanta, GA",GA,33.748997,-84.387985,2007,204431.08
9,"Atlanta, GA",GA,33.748997,-84.387985,2008,193617.5
9,"Atlanta, GA",GA,33.748997,-84.387985,2009,168822.42
9,"Atlanta, GA",GA,33.748997,-84.387985,2010,156250.0
9,"Atlanta, GA",GA,33.748997,-84.387985,2011,137742.33
9,"Atlanta, GA",GA,33.748997,-84.387985,2012,134603.67
9,"Atlanta, GA",GA,33.748997,-84.387985,2013,150047.75
9,"Atlanta, GA",GA,33.748997,-84.387985,2014,168913.25
9,"Atlanta, GA",GA,33.748997,-84.387985,2015,179639.33
9,"Atlanta, GA",GA,33.748997,-84.387985,2016,191796.17
9,"Atlanta, GA",GA,33.748997,-84.387985,2017,206010.42
9,"Atlanta, GA",GA,33.748997,-84.387985,2018,225233.83
9,"Atlanta, GA",GA,33.748997,-84.387985,2019,240124.83
9,"Atlanta, GA",GA,33.748997,-84.387985,2020,253903.75
9,"Atlanta, GA",GA,33.748997,-84.387985,2021,301110.0
9,"Atlanta, GA",GA,33.748997,-84.387985,2022,364794.0
10,"Boston, MA",MA,42.360081,-71.058884,2000,247212.67
10,"Boston, MA",MA,42.360081,-71.058884,2001,287834.75
10,"Boston, MA",MA,42.360081,-71.058884,2002,325104.92
10,"Boston, MA",MA,42.360081,-71.058884,2003,364494.42
10,"Boston, MA",MA,42.360081,-71.058884,2004,395876.0
10,"Boston, MA",MA,42.360081,-71.058884,2005,425527.08
10,"Boston, MA",MA,42.360081,-71.058884,2006,421288.42
10,"Boston, MA",MA,42.360081,-71.058884,2007,400491.25
10,"Boston, MA",MA,42.360081,-71.058884,2008,377243.17
10,"Boston, MA",MA,42.360081,-71.058884,2009,355025.67
10,"Boston, MA",MA,42.360081,-71.058884,2010,357802.17
10,"Boston, MA",MA,42.360081,-71.058884,2011,346523.5
10,"Boston, MA",MA,42.360081,-71.058884,2012,341444.0
10,"Boston, MA",MA,42.360081,-71.058884,2013,365258.58
10,"Boston, MA",MA,42.360081,-71.058884,2014,388487.25
10,"Boston, MA",MA,42.360081,-71.058884,2015,406159.75
10,"Boston, MA",MA,42.360081,-71.058884,2016,428322.08
10,"Boston, MA",MA,42.360081,-71.058884,2017,453264.67
10,"Boston, MA",MA,42.360081,-71.058884,2018,481261.08
10,"Boston, MA",MA,42.360081,-71.058884,2019,492452.83
10,"Boston, MA",MA,42.360081,-71.058884,2020,514380.42
10,"Boston, MA",MA,42.360081,-71.058884,2021,584651.5
10,"Boston, MA",MA,42.360081,-71.058884,2022,644481.67
11,"San Francisco, CA",CA,37.774929,-122.419418,2000,392941.33
11,"San Francisco, CA",CA,37.774929,-122.419418,2001,465972.83
11,"San Francisco, CA",CA,37.774929,-122.419418,2002,497622.92
11,"San Francisco, CA",CA,37.774929,-122.419418,2003,542937.0
11,"San Francisco, CA",CA,37.774929,-122.419418,2004,624931.17
11,"San Francisco, CA",CA,37.774929,-122.419418,2005,746996.25
11,"San Francisco, CA",CA,37.774929,-122.419418,2006,795919.25
11,"San Francisco, CA",CA,37.774929,-122.419418,2007,770445.92
11,"San Francisco, CA",CA,37.774929,-122.419418,2008,685577.67
11,"San Francisco, CA",CA,37.774929,-122.419418,2009,592976.17
11,"San Francisco, CA",CA,37.774929,-122.419418,2010,592157.0
11,"San Francisco, CA",CA,37.774929,-122.419418,2011,552311.17
11,"San Francisco, CA",CA,37.774929,-122.419418,2012,558216.5
11,"San Francisco, CA",CA,37.774929,-122.419418,2013,685381.5
11,"San Francisco, CA",CA,37.774929,-122.419418,2014,779136.5
11,"San Francisco, CA",CA,37.774929,-122.419418,2015,861959.25
11,"San Francisco, CA",CA,37.774929,-122.419418,2016,940406.75
11,"San Francisco, CA",CA,37.774929,-122.419418,2017,993681.83
11,"San Francisco, CA",CA,37.774929,-122.419418,2018,1117095.42
11,"San Francisco, CA",CA,37.774929,-122.419418,2019,1117590.67
11,"San Francisco, CA",CA,37.774929,-122.419418,2020,1146730.42
11,"San Francisco, CA",CA,37.774929,-122.419418,2021,1295173.42
11,"San Francisco, CA",CA,37.774929,-122.419418,2022,1458479.83
12,"Detroit, MI",MI,42.331429,-83.045753,2000,147061.5
12,"Detroit, MI",MI,42.331429,-83.045753,2001,157854.58
12,"Detroit, MI",MI,42.331429,-83.045753,2002,164728.08
12,"Detroit, MI",MI,42.331429,-83.045753,2003,169770.75
12,"Detroit, MI",MI,42.331429,-83.045753,2004,175217.83
12,"Detroit, MI",MI,42.331429,-83.045753,2005,179279.17
12,"Detroit, MI",MI,42.331429,-83.045753,2006,179496.58
12,"Detroit, MI",MI,42.331429,-83.045753,2007,168255.08
12,"Detroit, MI",MI,42.331429,-83.045753,2008,145051.08
12,"Detroit, MI",MI,42.331429,-83.045753,2009,112205.42
12,"Detroit, MI",MI,42.331429,-83.045753,2010,100136.25
12,"Detroit, MI",MI,42.331429,-83.045753,2011,92090.0
12,"Detroit, MI",MI,42.331429,-83.045753,2012,93840.75
12,"Detroit, MI",MI,42.331429,-83.045753,2013,108505.25
12,"Detroit, MI",MI,42.331429,-83.045753,2014,126013.08
12,"Detroit, MI",MI,42.331429,-83.045753,2015,133714.67
12,"Detroit, MI",MI,42.331429,-83.045753,2016,143018.75
12,"Detroit, MI",MI,42.331429,-83.045753,2017,155269.58
12,"Detroit, MI",MI,42.331429,-83.045753,2018,169004.08
12,"Detroit, MI",MI,42.331429,-83.045753,2019,178598.08
12,"Detroit, MI",MI,42.331429,-83.045753,2020,188000.83
12,"Detroit, MI",MI,42.331429,-83.045753,2021,215320.83
12,"Detroit, MI",MI,42.331429,-83.045753,2022,237638.67
13,"Riverside, CA",CA,33.980602,-117.375496,2000,149993.67
13,"Riverside, CA",CA,33.980602,-117.375496,2001,166564.75
13,"Riverside, CA",CA,33.980602,-117.375496,2002,187456.58
13,"Riverside, CA",CA,33.980602,-117.375496,2003,221010.33
13,"Riverside, CA",CA,33.980602,-117.375496,2004,279231.83
13,"Riverside, CA",CA,33.980602,-117.375496,2005,356210.83
13,"Riverside, CA",CA,33.980602,-117.375496,2006,406173.75
13,"Riverside, CA",CA,33.980602,-117.375496,2007,395641.42
13,"Riverside, CA",CA,33.980602,-117.375496,2008,298978.67
13,"Riverside, CA",CA,33.980602,-117.375496,2009,213431.08
13,"Riverside, CA",CA,33.980602,-117.375496,2010,208059.17
13,"Riverside, CA",CA,33.980602,-117.375496,2011,202125.58
13,"Riverside, CA",CA,33.980602,-117.375496,2012,202631.83
13,"Riverside, CA",CA,33.980602,-117.375496,2013,241775.33
13,"Riverside, CA",CA,33.980602,-117.375496,2014,286828.25
13,"Riverside, CA",CA,33.980602,-117.375496,2015,300736.67
13,"Riverside, CA",CA,33.980602,-117.375496,2016,319216.58
13,"Riverside, CA",CA,33.980602,-117.375496,2017,339176.42
13,"Riverside, CA",CA,33.980602,-117.375496,2018,365538.0
13,"Riverside, CA",CA,33.980602,-117.375496,2019,379362.0
13,"Riverside, CA",CA,33.980602,-117.375496,2020,399245.17
13,"Riverside, CA",CA,33.980602,-117.375496,2021,484180.67
13,"Riverside, CA",CA,33.980602,-117.375496,2022,570308.0
14,"Phoenix, AZ",AZ,33.448376,-112.074036,2000,146945.17
14,"Phoenix, AZ",AZ,33.448376,-112.074036,2001,155236.92
14,"Phoenix, AZ",AZ,33.448376,-112.074036,2002,162674.0
14,"Phoenix, AZ",AZ,33.448376,-112.074036,2003,171176.67
14,"Phoenix, AZ",AZ,33.448376,-112.074036,2004,185962.7
14,"Phoenix, AZ",AZ,33.448376,-112.074036,2005,249132.18
14,"Phoenix, AZ",AZ,33.448376,-112.074036,2006,301688.33
14,"Phoenix, AZ",AZ,33.448376,-112.074036,2007,284996.83
14,"Phoenix, AZ",AZ,33.448376,-112.074036,2008,231099.42
14,"Phoenix, AZ",AZ,33.448376,-112.074036,2009,171879.92
14,"Phoenix, AZ",AZ,33.448376,-112.074036,2010,154753.83
14,"Phoenix, AZ",AZ,33.448376,-112.074036,2011,136779.42
14,"Phoenix, AZ",AZ,33.448376,-112.074036,2012,151513.83
14,"Phoenix, AZ",AZ,33.448376,-112.074036,2013,184576.33
14,"Phoenix, AZ",AZ,33.448376,-112.074036,2014,201306.08
14,"Phoenix, AZ",AZ,33.448376,-112.074036,2015,212185.75
14,"Phoenix, AZ",AZ,33.448376,-112.074036,2016,226955.17
14,"Phoenix, AZ",AZ,33.448376,-112.074036,2017,241313.75
14,"Phoenix, AZ",AZ,33.448376,-112.074036,2018,259414.92
14,"Phoenix, AZ",AZ,33.448376,-112.074036,2019,275205.92
14,"Phoenix, AZ",AZ,33.448376,-112.074036,2020,303332.0
14,"Phoenix, AZ",AZ,33.448376,-112.074036,2021,385105.25
14,"Phoenix, AZ",AZ,33.448376,-112.074036,2022,461118.17
15,"Seattle, WA",WA,47.606209,-122.332069,2000,226406.67
15,"Seattle, WA",WA,47.606209,-122.332069,2001,240143.83
15,"Seattle, WA",WA,47.606209,-122.332069,2002,250611.5
15,"Seattle, WA",WA,47.606209,-122.332069,2003,261483.92
15,"Seattle, WA",WA,47.606209,-122.332069,2004,282698.58
15,"Seattle, WA",WA,47.606209,-122.332069,2005,322945.83
15,"Seattle, WA",WA,47.606209,-122.332069,2006,378132.25
15,"Seattle, WA",WA,47.606209,-122.332069,2007,406744.08
15,"Seattle, WA",WA,47.606209,-122.332069,2008,381663.33
15,"Seattle, WA",WA,47.606209,-122.332069,2009,333130.67
15,"Seattle, WA",WA,47.606209,-122.332069,2010,311634.67
15,"Seattle, WA",WA,47.606209,-122.332069,2011,279212.58
15,"Seattle, WA",WA,47.606209,-122.332069,2012,268545.17
15,"Seattle, WA",WA,47.606209,-122.332069,2013,304171.5
15,"Seattle, WA",WA,47.606209,-122.332069,2014,333367.17
15,"Seattle, WA",WA,47.606209,-122.332069,2015,361632.92
15,"Seattle, WA",WA,47.606209,-122.332069,2016,403384.25
15,"Seattle, WA",WA,47.606209,-122.332069,2017,454960.5
15,"Seattle, WA",WA,47.606209,-122.332069,2018,507701.92
15,"Seattle, WA",WA,47.606209,-122.332069,2019,513667.0
15,"Seattle, WA",WA,47.606209,-122.332069,2020,555030.5
15,"Seattle, WA",WA,47.606209,-122.332069,2021,659668.5
15,"Seattle, WA",WA,47.606209,-122.332069,2022,771231.0
16,"Minneapolis-St Paul, MN",MN,44.881142,-93.216812,2000,163980.17
16,"Minneapolis-St Paul, MN",MN,44.881142,-93.216812,2001,186382.25
16,"Minneapolis-St Paul, MN",MN,44.881142,-93.216812,2002,206300.0
16,"Minneapolis-St Paul, MN",MN,44.881142,-93.216812,2003,224921.08
16,"Minneapolis-St Paul, MN",MN,44.881142,-93.216812,2004,243268.33
16,"Minneapolis-St Paul, MN",MN,44.881142,-93.216812,2005,260114.67
16,"Minneapolis-St Paul, MN",MN,44.881142,-93.216812,2006,267278.67
16,"Minneapolis-St Paul, MN",MN,44.881142,-93.216812,2007,262168.33
16,"Minneapolis-St Paul, MN",MN,44.881142,-93.216812,2008,240408.42
16,"Minneapolis-St Paul, MN",MN,44.881142,-93.216812,2009,216815.83
16,"Minneapolis-St Paul, MN",MN,44.881142,-93.216812,2010,211634.42
16,"Minneapolis-St Paul, MN",MN,44.881142,-93.216812,2011,191092.17
16,"Minneapolis-St Paul, MN",MN,44.881142,-93.216812,2012,186467.83
16,"Minneapolis-St Paul, MN",MN,44.881142,-93.216812,2013,206805.83
16,"Minneapolis-St Paul, MN",MN,44.881142,-93.216812,2014,224664.33
16,"Minneapolis-St Paul, MN",MN,44.881142,-93.216812,2015,232303.5
16,"Minneapolis-St Paul, MN",MN,44.881142,-93.216812,2016,244936.83
16,"Minneapolis-St Paul, MN",MN,44.881142,-93.216812,2017,260295.67
16,"Minneapolis-St Paul, MN",MN,44.881142,-93.216812,2018,278216.25
16,"Minneapolis-St Paul, MN",MN,44.881142,-93.216812,2019,290763.75
16,"Minneapolis-St Paul, MN",MN,44.881142,-93.216812,2020,305850.0
16,"Minneapolis-St Paul, MN",MN,44.881142,-93.216812,2021,342644.83
16,"Minneapolis-St Paul, MN",MN,44.881142,-93.216812,2022,371762.5
17,"San Diego, CA",CA,32.715736,-117.161087,2000,243169.75
17,"San Diego, CA",CA,32.715736,-117.161087,2001,283139.75
17,"San Diego, CA",CA,32.715736,-117.161087,2002,323632.83
17,"San Diego, CA",CA,32.715736,-117.161087,2003,387723.5
17,"San Diego, CA",CA,32.715736,-117.161087,2004,476984.33
17,"San Diego, CA",CA,32.715736,-117.161087,2005,558830.75
17,"San Diego, CA",CA,32.715736,-117.161087,2006,564903.92
17,"San Diego, CA",CA,32.715736,-117.161087,2007,525893.58
17,"San Diego, CA",CA,32.715736,-117.161087,2008,445184.33
17,"San Diego, CA",CA,32.715736,-117.161087,2009,379611.33
17,"San Diego, CA",CA,32.715736,-117.161087,2010,385101.58
17,"San Diego, CA",CA,32.715736,-117.161087,2011,363493.25
17,"San Diego, CA",CA,32.715736,-117.161087,2012,362022.58
17,"San Diego, CA",CA,32.715736,-117.161087,2013,422834.42
17,"San Diego, CA",CA,32.715736,-117.161087,2014,462100.33
17,"San Diego, CA",CA,32.715736,-117.161087,2015,479667.67
17,"San Diego, CA",CA,32.715736,-117.161087,2016,511777.5
17,"San Diego, CA",CA,32.715736,-117.161087,2017,546453.58
17,"San Diego, CA",CA,32.715736,-117.161087,2018,584561.92
17,"San Diego, CA",CA,32.715736,-117.161087,2019,592909.5
17,"San Diego, CA",CA,32.715736,-117.161087,2020,631153.5
17,"San Diego, CA",CA,32.715736,-117.161087,2021,764222.92
17,"San Diego, CA",CA,32.715736,-117.161087,2022,901687.83
18,"St. Louis, MO",MO,38.627003,-90.199402,2000,119367.92
18,"St. Louis, MO",MO,38.627003,-90.199402,2001,127658.58
18,"St. Louis, MO",MO,38.627003,-90.199402,2002,136723.08
18,"St. Louis, MO",MO,38.627003,-90.199402,2003,146425.25
18,"St. Louis, MO",MO,38.627003,-90.199402,2004,156510.0
18,"St. Louis, MO",MO,38.627003,-90.199402,2005,165374.83
18,"St. Louis, MO",MO,38.627003,-90.199402,2006,172910.58
18,"St. Louis, MO",MO,38.627003,-90.199402,2007,174677.5
18,"St. Louis, MO",MO,38.627003,-90.199402,2008,169631.58
18,"St. Louis, MO",MO,38.627003,-90.199402,2009,162099.83
18,"St. Louis, MO",MO,38.627003,-90.199402,2010,158188.5
18,"St. Louis, MO",MO,38.627003,-90.199402,2011,148303.0
18,"St. Louis, MO",MO,38.627003,-90.199402,2012,143036.08
18,"St. Louis, MO",MO,38.627003,-90.199402,2013,145620.83
18,"St. Louis, MO",MO,38.627003,-90.199402,2014,148578.67
18,"St. Louis, MO",MO,38.627003,-90.199402,2015,152863.42
18,"St. Louis, MO",MO,38.627003,-90.199402,2016,159121.5
18,"St. Louis, MO",MO,38.627003,-90.199402,2017,167046.42
18,"St. Louis, MO",MO,38.627003,-90.199402,2018,174343.42
18,"St. Louis, MO",MO,38.627003,-90.199402,2019,181951.42
18,"St. Louis, MO",MO,38.627003,-90.199402,2020,190190.08
18,"St. Louis, MO",MO,38.627003,-90.199402,2021,215369.42
18,"St. Louis, MO",MO,38.627003,-90.199402,2022,237968.17
19,"Tampa, FL",FL,27.950575,-82.457176,2000,106943.92
19,"Tampa, FL",FL,27.950575,-82.457176,2001,116241.75
19,"Tampa, FL",FL,27.950575,-82.457176,2002,127559.33
19,"Tampa, FL",FL,27.950575,-82.457176,2003,141550.0
19,"Tampa, FL",FL,27.950575,-82.457176,2004,160574.83
19,"Tampa, FL",FL,27.950575,-82.457176,2005,195565.42
19,"Tampa, FL",FL,27.950575,-82.457176,2006,232937.08
19,"Tampa, FL",FL,27.950575,-82.457176,2007,225108.0
19,"Tampa, FL",FL,27.950575,-82.457176,2008,187279.0
19,"Tampa, FL",FL,27.950575,-82.457176,2009,151966.42
19,"Tampa, FL",FL,27.950575,-82.457176,2010,139592.17
19,"Tampa, FL",FL,27.950575,-82.457176,2011,123644.33
19,"Tampa, FL",FL,27.950575,-82.457176,2012,121446.25
19,"Tampa, FL",FL,27.950575,-82.457176,2013,135722.08
19,"Tampa, FL",FL,27.950575,-82.457176,2014,150230.33
19,"Tampa, FL",FL,27.950575,-82.457176,2015,161133.25
19,"Tampa, FL",FL,27.950575,-82.457176,2016,176862.25
19,"Tampa, FL",FL,27.950575,-82.457176,2017,193480.67
19,"Tampa, FL",FL,27.950575,-82.457176,2018,210495.58
19,"Tampa, FL",FL,27.950575,-82.457176,2019,222429.83
19,"Tampa, FL",FL,27.950575,-82.457176,2020,237256.75
19,"Tampa, FL",FL,27.950575,-82.457176,2021,289278.08
19,"Tampa, FL",FL,27.950575,-82.457176,2022,358460.83
20,"Baltimore, MD",MD,39.290386,-76.61219,2000,160021.58
20,"Baltimore, MD",MD,39.290386,-76.61219,2001,168031.17
20,"Baltimore, MD",MD,39.290386,-76.61219,2002,182751.17
20,"Baltimore, MD",MD,39.290386,-76.61219,2003,206104.67
20,"Baltimore, MD",MD,39.290386,-76.61219,2004,240564.0
20,"Baltimore, MD",MD,39.290386,-76.61219,2005,290259.67
20,"Baltimore, MD",MD,39.290386,-76.61219,2006,332103.17
20,"Baltimore, MD",MD,39.290386,-76.61219,2007,339150.42
20,"Baltimore, MD",MD,39.290386,-76.61219,2008,321354.83
20,"Baltimore, MD",MD,39.290386,-76.61219,2009,291730.5
20,"Baltimore, MD",MD,39.290386,-76.61219,2010,279145.67
20,"Baltimore, MD",MD,39.290386,-76.61219,2011,260652.33
20,"Baltimore, MD",MD,39.290386,-76.61219,2012,253914.83
20,"Baltimore, MD",MD,39.290386,-76.61219,2013,263411.83
20,"Baltimore, MD",MD,39.290386,-76.61219,2014,272051.17
20,"Baltimore, MD",MD,39.290386,-76.61219,2015,270690.58
20,"Baltimore, MD",MD,39.290386,-76.61219,2016,275706.0
20,"Baltimore, MD",MD,39.290386,-76.61219,2017,284279.42
20,"Baltimore, MD",MD,39.290386,-76.61219,2018,293020.67
20,"Baltimore, MD",MD,39.290386,-76.61219,2019,297649.0
20,"Baltimore, MD",MD,39.290386,-76.61219,2020,306191.75
20,"Baltimore, MD",MD,39.290386,-76.61219,2021,342214.0
20,"Baltimore, MD",MD,39.290386,-76.61219,2022,369535.0
21,"Denver, CO",CO,39.739235,-104.99025,2000,208853.75
21,"Denver, CO",CO,39.739235,-104.99025,2001,236254.67
21,"Denver, CO",CO,39.739235,-104.99025,2002,248513.42
21,"Denver, CO",CO,39.739235,-104.99025,2003,252440.75
21,"Denver, CO",CO,39.739235,-104.99025,2004,256876.08
21,"Denver, CO",CO,39.739235,-104.99025,2005,262780.83
21,"Denver, CO",CO,39.739235,-104.99025,2006,265902.17
21,"Denver, CO",CO,39.739235,-104.99025,2007,262635.25
21,"Denver, CO",CO,39.739235,-104.99025,2008,251567.83
21,"Denver, CO",CO,39.739235,-104.99025,2009,244915.67
21,"Denver, CO",CO,39.739235,-104.99025,2010,244741.42
21,"Denver, CO",CO,39.739235,-104.99025,2011,234956.75
21,"Denver, CO",CO,39.739235,-104.99025,2012,240933.5
21,"Denver, CO",CO,39.739235,-104.99025,2013,266029.08
21,"Denver, CO",CO,39.739235,-104.99025,2014,290115.25
21,"Denver, CO",CO,39.739235,-104.99025,2015,325845.67
21,"Denver, CO",CO,39.739235,-104.99025,2016,363684.42
21,"Denver, CO",CO,39.739235,-104.99025,2017,395752.67
21,"Denver, CO",CO,39.739235,-104.99025,2018,425113.58
21,"Denver, CO",CO,39.739235,-104.99025,2019,440672.75
21,"Denver, CO",CO,39.739235,-104.99025,2020,459606.17
21,"Denver, CO",CO,39.739235,-104.99025,2021,539036.58
21,"Denver, CO",CO,39.739235,-104.99025,2022,627004.5
22,"Pittsburgh, PA",PA,40.440624,-79.995888,2000,90724.67
22,"Pittsburgh, PA",PA,40.440624,-79.995888,2001,95260.33
22,"Pittsburgh, PA",PA,40.440624,-79.995888,2002,100125.25
22,"Pittsburgh, PA",PA,40.440624,-79.995888,2003,105052.08
22,"Pittsburgh, PA",PA,40.440624,-79.995888,2004,109299.67
22,"Pittsburgh, PA",PA,40.440624,-79.995888,2005,114447.42
22,"Pittsburgh, PA",PA,40.440624,-79.995888,2006,118380.58
22,"Pittsburgh, PA",PA,40.440624,-79.995888,2007,120253.08
22,"Pittsburgh, PA",PA,40.440624,-79.995888,2008,121312.08
22,"Pittsburgh, PA",PA,40.440624,-79.995888,2009,120986.0
22,"Pittsburgh, PA",PA,40.440624,-79.995888,2010,125413.58
22,"Pittsburgh, PA",PA,40.440624,-79.995888,2011,123389.0
22,"Pittsburgh, PA",PA,40.440624,-79.995888,2012,124176.17
22,"Pittsburgh, PA",PA,40.440624,-79.995888,2013,127501.08
22,"Pittsburgh, PA",PA,40.440624,-79.995888,2014,131207.33
22,"Pittsburgh, PA",PA,40.440624,-79.995888,2015,135174.67
22,"Pittsburgh, PA",PA,40.440624,-79.995888,2016,140842.42
22,"Pittsburgh, PA",PA,40.440624,-79.995888,2017,145319.83
22,"Pittsburgh, PA",PA,40.440624,-79.995888,2018,153165.83
22,"Pittsburgh, PA",PA,40.440624,-79.995888,2019,160344.17
22,"Pittsburgh, PA",PA,40.440624,-79.995888,2020,169025.25
22,"Pittsburgh, PA",PA,40.440624,-79.995888,2021,193664.5
22,"Pittsburgh, PA",PA,40.440624,-79.995888,2022,210472.33
23,"Portland, OR",OR,45.51223,-122.658722,2000,182727.5
23,"Portland, OR",OR,45.51223,-122.658722,2001,188227.75
23,"Portland, OR",OR,45.51223,-122.658722,2002,196285.83
23,"Portland, OR",OR,45.51223,-122.658722,2003,206010.25
23,"Portland, OR",OR,45.51223,-122.658722,2004,221694.08
23,"Portland, OR",OR,45.51223,-122.658722,2005,254216.42
23,"Portland, OR",OR,45.51223,-122.658722,2006,304504.67
23,"Portland, OR",OR,45.51223,-122.658722,2007,323285.17
23,"Portland, OR",OR,45.51223,-122.658722,2008,307891.25
23,"Portland, OR",OR,45.51223,-122.658722,2009,275369.58
23,"Portland, OR",OR,45.51223,-122.658722,2010,261070.08
23,"Portland, OR",OR,45.51223,-122.658722,2011,238644.08
23,"Portland, OR",OR,45.51223,-122.658722,2012,236935.75
23,"Portland, OR",OR,45.51223,-122.658722,2013,266231.08
23,"Portland, OR",OR,45.51223,-122.658722,2014,290754.42
23,"Portland, OR",OR,45.51223,-122.658722,2015,316422.25
23,"Portland, OR",OR,45.51223,-122.658722,2016,355736.58
23,"Portland, OR",OR,45.51223,-122.658722,2017,386966.75
23,"Portland, OR",OR,45.51223,-122.658722,2018,408211.5
23,"Portland, OR",OR,45.51223,-122.658722,2019,417565.83
23,"Portland, OR",OR,45.51223,-122.658722,2020,437127.33
23,"Portland, OR",OR,45.51223,-122.658722,2021,507245.92
23,"Portland, OR",OR,45.51223,-122.658722,2022,572535.33
24,"Charlotte, NC",NC,35.227085,-80.843124,2000,152585.0
24,"Charlotte, NC",NC,35.227085,-80.843124,2001,158311.0
24,"Charlotte, NC",NC,35.227085,-80.843124,2002,161046.33
24,"Charlotte, NC",NC,35.227085,-80.843124,2003,162883.0
24,"Charlotte, NC",NC,35.227085,-80.843124,2004,165568.08
24,"Charlotte, NC",NC,35.227085,-80.843124,2005,169638.25
24,"Charlotte, NC",NC,35.227085,-80.843124,2006,177135.83
24,"Charlotte, NC",NC,35.227085,-80.843124,2007,186369.17
24,"Charlotte, NC",NC,35.227085,-80.843124,2008,187482.25
24,"Charlotte, NC",NC,35.227085,-80.843124,2009,175986.58
24,"Charlotte, NC",NC,35.227085,-80.843124,2010,168733.58
24,"Charlotte, NC",NC,35.227085,-80.843124,2011,157296.33
24,"Charlotte, NC",NC,35.227085,-80.843124,2012,153809.58
24,"Charlotte, NC",NC,35.227085,-80.843124,2013,159675.75
24,"Charlotte, NC",NC,35.227085,-80.843124,2014,169183.42
24,"Charlotte, NC",NC,35.227085,-80.843124,2015,177216.58
24,"Charlotte, NC",NC,35.227085,-80.843124,2016,188963.42
24,"Charlotte, NC",NC,35.227085,-80.843124,2017,204879.58
24,"Charlotte, NC",NC,35.227085,-80.843124,2018,222490.0
24,"Charlotte, NC",NC,35.227085,-80.843124,2019,236832.83
24,"Charlotte, NC",NC,35.227085,-80.843124,2020,254095.58
24,"Charlotte, NC",NC,35.227085,-80.843124,2021,302769.0
24,"Charlotte, NC",NC,35.227085,-80.843124,2022,366587.5
25,"Sacramento, CA",CA,38.581573,-121.4944,2000,182353.25
25,"Sacramento, CA",CA,38.581573,-121.4944,2001,214874.33
25,"Sacramento, CA",CA,38.581573,-121.4944,2002,246772.5
25,"Sacramento, CA",CA,38.581573,-121.4944,2003,289839.58
25,"Sacramento, CA",CA,38.581573,-121.4944,2004,343850.75
25,"Sacramento, CA",CA,38.581573,-121.4944,2005,421834.5
25,"Sacramento, CA",CA,38.581573,-121.4944,2006,446062.67
25,"Sacramento, CA",CA,38.581573,-121.4944,2007,399357.5
25,"Sacramento, CA",CA,38.581573,-121.4944,2008,318394.17
25,"Sacramento, CA",CA,38.581573,-121.4944,2009,264302.58
25,"Sacramento, CA",CA,38.581573,-121.4944,2010,247418.5
25,"Sacramento, CA",CA,38.581573,-121.4944,2011,225799.67
25,"Sacramento, CA",CA,38.581573,-121.4944,2012,221610.75
25,"Sacramento, CA",CA,38.581573,-121.4944,2013,275268.58
25,"Sacramento, CA",CA,38.581573,-121.4944,2014,313922.92
25,"Sacramento, CA",CA,38.581573,-121.4944,2015,326101.75
25,"Sacramento, CA",CA,38.581573,-121.4944,2016,352179.25
25,"Sacramento, CA",CA,38.581573,-121.4944,2017,381980.83
25,"Sacramento, CA",CA,38.581573,-121.4944,2018,409512.75
25,"Sacramento, CA",CA,38.581573,-121.4944,2019,422019.33
25,"Sacramento, CA",CA,38.581573,-121.4944,2020,447616.67
25,"Sacramento, CA",CA,38.581573,-121.4944,2021,533260.5
25,"Sacramento, CA",CA,38.581573,-121.4944,2022,608004.67
26,"San Antonio, TX",TX,29.424122,-98.493629,2000,130147.42
26,"San Antonio, TX",TX,29.424122,-98.493629,2001,128001.67
26,"San Antonio, TX",TX,29.424122,-98.493629,2002,129407.08
26,"San Antonio, TX",TX,29.424122,-98.493629,2003,133318.25
26,"San Antonio, TX",TX,29.424122,-98.493629,2004,143685.09
26,"San Antonio, TX",TX,29.424122,-98.493629,2005,151500.42
26,"San Antonio, TX",TX,29.424122,-98.493629,2006,158981.25
26,"San Antonio, TX",TX,29.424122,-98.493629,2007,169479.08
26,"San Antonio, TX",TX,29.424122,-98.493629,2008,171895.75
26,"San Antonio, TX",TX,29.424122,-98.493629,2009,166280.92
26,"San Antonio, TX",TX,29.424122,-98.493629,2010,164751.92
26,"San Antonio, TX",TX,29.424122,-98.493629,2011,159611.5
26,"San Antonio, TX",TX,29.424122,-98.493629,2012,160067.25
26,"San Antonio, TX",TX,29.424122,-98.493629,2013,166442.25
26,"San Antonio, TX",TX,29.424122,-98.493629,2014,176118.08
26,"San Antonio, TX",TX,29.424122,-98.493629,2015,187473.25
26,"San Antonio, TX",TX,29.424122,-98.493629,2016,199016.75
26,"San Antonio, TX",TX,29.424122,-98.493629,2017,211490.5
26,"San Antonio, TX",TX,29.424122,-98.493629,2018,221779.83
26,"San Antonio, TX",TX,29.424122,-98.493629,2019,232808.08
26,"San Antonio, TX",TX,29.424122,-98.493629,2020,241104.42
26,"San Antonio, TX",TX,29.424122,-98.493629,2021,277261.58
26,"San Antonio, TX",TX,29.424122,-98.493629,2022,325497.67
27,"Orlando, FL",FL,28.538336,-81.379234,2000,127668.5
27,"Orlando, FL",FL,28.538336,-81.379234,2001,137102.33
27,"Orlando, FL",FL,28.538336,-81.379234,2002,147513.5
27,"Orlando, FL",FL,28.538336,-81.379234,2003,159194.58
27,"Orlando, FL",FL,28.538336,-81.379234,2004,177489.2
27,"Orlando, FL",FL,28.538336,-81.379234,2005,221338.17
27,"Orlando, FL",FL,28.538336,-81.379234,2006,276831.17
27,"Orlando, FL",FL,28.538336,-81.379234,2007,272153.92
27,"Orlando, FL",FL,28.538336,-81.379234,2008,224596.83
27,"Orlando, FL",FL,28.538336,-81.379234,2009,170262.67
27,"Orlando, FL",FL,28.538336,-81.379234,2010,149385.0
27,"Orlando, FL",FL,28.538336,-81.379234,2011,133717.42
27,"Orlando, FL",FL,28.538336,-81.379234,2012,135658.42
27,"Orlando, FL",FL,28.538336,-81.379234,2013,157202.58
27,"Orlando, FL",FL,28.538336,-81.379234,2014,177828.08
27,"Orlando, FL",FL,28.538336,-81.379234,2015,187527.92
27,"Orlando, FL",FL,28.538336,-81.379234,2016,202974.58
27,"Orlando, FL",FL,28.538336,-81.379234,2017,219678.5
27,"Orlando, FL",FL,28.538336,-81.379234,2018,238280.75
27,"Orlando, FL",FL,28.538336,-81.379234,2019,252752.33
27,"Orlando, FL",FL,28.538336,-81.379234,2020,265721.17
27,"Orlando, FL",FL,28.538336,-81.379234,2021,303497.33
27,"Orlando, FL",FL,28.538336,-81.379234,2022,370486.5
28,"Cincinnati, OH",OH,39.103119,-84.512016,2000,132895.67
28,"Cincinnati, OH",OH,39.103119,-84.512016,2001,138787.5
28,"Cincinnati, OH",OH,39.103119,-84.512016,2002,143815.67
28,"Cincinnati, OH",OH,39.103119,-84.512016,2003,149151.17
28,"Cincinnati, OH",OH,39.103119,-84.512016,2004,154357.08
28,"Cincinnati, OH",OH,39.103119,-84.512016,2005,159164.75
28,"Cincinnati, OH",OH,39.103119,-84.512016,2006,163424.25
28,"Cincinnati, OH",OH,39.103119,-84.512016,2007,162844.42
28,"Cincinnati, OH",OH,39.103119,-84.512016,2008,158804.45
28,"Cincinnati, OH",OH,39.103119,-84.512016,2009,149279.92
28,"Cincinnati, OH",OH,39.103119,-84.512016,2010,149068.33
28,"Cincinnati, OH",OH,39.103119,-84.512016,2011,140243.92
28,"Cincinnati, OH",OH,39.103119,-84.512016,2012,136837.0
28,"Cincinnati, OH",OH,39.103119,-84.512016,2013,139632.08
28,"Cincinnati, OH",OH,39.103119,-84.512016,2014,142710.25
28,"Cincinnati, OH",OH,39.103119,-84.512016,2015,147514.08
28,"Cincinnati, OH",OH,39.103119,-84.512016,2016,154051.25
28,"Cincinnati, OH",OH,39.103119,-84.512016,2017,164737.42
28,"Cincinnati, OH",OH,39.103119,-84.512016,2018,174797.67
28,"Cincinnati, OH",OH,39.103119,-84.512016,2019,185414.5
28,"Cincinnati, OH",OH,39.103119,-84.512016,2020,197667.5
28,"Cincinnati, OH",OH,39.103119,-84.512016,2021,228429.67
28,"Cincinnati, OH",OH,39.103119,-84.512016,2022,253928.5
29,"Cleveland, OH",OH,41.499321,-81.694359,2000,132137.92
29,"Cleveland, OH",OH,41.499321,-81.694359,2001,137822.83
29,"Cleveland, OH",OH,41.499321,-81.694359,2002,141549.5
29,"Cleveland, OH",OH,41.499321,-81.694359,2003,145875.92
29,"Cleveland, OH",OH,41.499321,-81.694359,2004,151440.25
29,"Cleveland, OH",OH,41.499321,-81.694359,2005,156029.42
29,"Cleveland, OH",OH,41.499321,-81.694359,2006,158659.17
29,"Cleveland, OH",OH,41.499321,-81.694359,2007,154616.58
29,"Cleveland, OH",OH,41.499321,-81.694359,2008,147216.67
29,"Cleveland, OH",OH,41.499321,-81.694359,2009,138315.33
29,"Cleveland, OH",OH,41.499321,-81.694359,2010,133797.67
29,"Cleveland, OH",OH,41.499321,-81.694359,2011,125511.08
29,"Cleveland, OH",OH,41.499321,-81.694359,2012,121025.83
29,"Cleveland, OH",OH,41.499321,-81.694359,2013,123667.92
29,"Cleveland, OH",OH,41.499321,-81.694359,2014,123603.92
29,"Cleveland, OH",OH,41.499321,-81.694359,2015,127590.83
29,"Cleveland, OH",OH,41.499321,-81.694359,2016,132345.33
29,"Cleveland, OH",OH,41.499321,-81.694359,2017,140707.33
29,"Cleveland, OH",OH,41.499321,-81.694359,2018,149295.42
29,"Cleveland, OH",OH,41.499321,-81.694359,2019,156855.58
29,"Cleveland, OH",OH,41.499321,-81.694359,2020,167112.67
29,"Cleveland, OH",OH,41.499321,-81.694359,2021,192634.67
29,"Cleveland, OH",OH,41.499321,-81.694359,2022,212870.0
30,"Kansas City, MO",MO,39.099728,-94.578568,2000,120168.25
30,"Kansas City, MO",MO,39.099728,-94.578568,2001,128570.58
30,"Kansas City, MO",MO,39.099728,-94.578568,2002,136044.42
30,"Kansas City, MO",MO,39.099728,-94.578568,2003,141944.83
30,"Kansas City, MO",MO,39.099728,-94.578568,2004,147013.67
30,"Kansas City, MO",MO,39.099728,-94.578568,2005,151851.08
30,"Kansas City, MO",MO,39.099728,-94.578568,2006,157164.92
30,"Kansas City, MO",MO,39.099728,-94.578568,2007,160580.92
30,"Kansas City, MO",MO,39.099728,-94.578568,2008,158853.75
30,"Kansas City, MO",MO,39.099728,-94.578568,2009,154318.58
30,"Kansas City, MO",MO,39.099728,-94.578568,2010,152155.33
30,"Kansas City, MO",MO,39.099728,-94.578568,2011,143428.33
30,"Kansas City, MO",MO,39.099728,-94.578568,2012,140328.5
30,"Kansas City, MO",MO,39.099728,-94.578568,2013,145217.42
30,"Kansas City, MO",MO,39.099728,-94.578568,2014,150700.42
30,"Kansas City, MO",MO,39.099728,-94.578568,2015,157378.5
30,"Kansas City, MO",MO,39.099728,-94.578568,2016,166984.25
30,"Kansas City, MO",MO,39.099728,-94.578568,2017,180027.08
30,"Kansas City, MO",MO,39.099728,-94.578568,2018,195172.75
30,"Kansas City, MO",MO,39.099728,-94.578568,2019,205239.33
30,"Kansas City, MO",MO,39.099728,-94.578568,2020,217189.17
30,"Kansas City, MO",MO,39.099728,-94.578568,2021,250471.17
30,"Kansas City, MO",MO,39.099728,-94.578568,2022,280143.33
31,"Las Vegas, NV",NV,36.169941,-115.139832,2000,170687.83
31,"Las Vegas, NV",NV,36.169941,-115.139832,2001,180699.58
31,"Las Vegas, NV",NV,36.169941,-115.139832,2002,191812.17
31,"Las Vegas, NV",NV,36.169941,-115.139832,2003,207513.5
31,"Las Vegas, NV",NV,36.169941,-115.139832,2004,267702.82
31,"Las Vegas, NV",NV,36.169941,-115.139832,2005,337972.5
31,"Las Vegas, NV",NV,36.169941,-115.139832,2006,357420.83
31,"Las Vegas, NV",NV,36.169941,-115.139832,2007,340213.25
31,"Las Vegas, NV",NV,36.169941,-115.139832,2008,259089.33
31,"Las Vegas, NV",NV,36.169941,-115.139832,2009,177786.75
31,"Las Vegas, NV",NV,36.169941,-115.139832,2010,150702.08
31,"Las Vegas, NV",NV,36.169941,-115.139832,2011,136142.33
31,"Las Vegas, NV",NV,36.169941,-115.139832,2012,133863.5
31,"Las Vegas, NV",NV,36.169941,-115.139832,2013,166980.92
31,"Las Vegas, NV",NV,36.169941,-115.139832,2014,194050.33
31,"Las Vegas, NV",NV,36.169941,-115.139832,2015,205553.08
31,"Las Vegas, NV",NV,36.169941,-115.139832,2016,219020.08
31,"Las Vegas, NV",NV,36.169941,-115.139832,2017,236917.58
31,"Las Vegas, NV",NV,36.169941,-115.139832,2018,274889.17
31,"Las Vegas, NV",NV,36.169941,-115.139832,2019,291841.0
31,"Las Vegas, NV",NV,36.169941,-115.139832,2020,302080.08
31,"Las Vegas, NV",NV,36.169941,-115.139832,2021,356012.42
31,"Las Vegas, NV",NV,36.169941,-115.139832,2022,433576.67
32,"Columbus, OH",OH,39.961178,-82.998795,2000,138161.0
32,"Columbus, OH",OH,39.961178,-82.998795,2001,143954.83
32,"Columbus, OH",OH,39.961178,-82.998795,2002,149662.83
32,"Columbus, OH",OH,39.961178,-82.998795,2003,155760.0
32,"Columbus, OH",OH,39.961178,-82.998795,2004,160897.17
32,"Columbus, OH",OH,39.961178,-82.998795,2005,166245.08
32,"Columbus, OH",OH,39.961178,-82.998795,2006,169146.0
32,"Columbus, OH",OH,39.961178,-82.998795,2007,167369.17
32,"Columbus, OH",OH,39.961178,-82.998795,2008,162818.92
32,"Columbus, OH",OH,39.961178,-82.998795,2009,156017.0
32,"Columbus, OH",OH,39.961178,-82.998795,2010,153470.17
32,"Columbus, OH",OH,39.961178,-82.998795,2011,146803.42
32,"Columbus, OH",OH,39.961178,-82.998795,2012,140284.33
32,"Columbus, OH",OH,39.961178,-82.998795,2013,143851.33
32,"Columbus, OH",OH,39.961178,-82.998795,2014,152847.08
32,"Columbus, OH",OH,39.961178,-82.998795,2015,160999.83
32,"Columbus, OH",OH,39.961178,-82.998795,2016,169903.58
32,"Columbus, OH",OH,39.961178,-82.998795,2017,182622.0
32,"Columbus, OH",OH,39.961178,-82.998795,2018,197419.42
32,"Columbus, OH",OH,39.961178,-82.998795,2019,211183.58
32,"Columbus, OH",OH,39.961178,-82.998795,2020,225952.0
32,"Columbus, OH",OH,39.961178,-82.998795,2021,258928.33
32,"Columbus, OH",OH,39.961178,-82.998795,2022,289991.83
33,"Indianapolis, IN",IN,39.768402,-86.158066,2000,
33,"Indianapolis, IN",IN,39.768402,-86.158066,2001,
33,"Indianapolis, IN",IN,39.768402,-86.158066,2002,
33,"Indianapolis, IN",IN,39.768402,-86.158066,2003,128184.14
33,"Indianapolis, IN",IN,39.768402,-86.158066,2004,130657.08
33,"Indianapolis, IN",IN,39.768402,-86.158066,2005,137046.58
33,"Indianapolis, IN",IN,39.768402,-86.158066,2006,139671.58
33,"Indianapolis, IN",IN,39.768402,-86.158066,2007,141195.17
33,"Indianapolis, IN",IN,39.768402,-86.158066,2008,140223.0
33,"Indianapolis, IN",IN,39.768402,-86.158066,2009,136615.92
33,"Indianapolis, IN",IN,39.768402,-86.158066,2010,136376.08
33,"Indianapolis, IN",IN,39.768402,-86.158066,2011,130540.92
33,"Indianapolis, IN",IN,39.768402,-86.158066,2012,129803.17
33,"Indianapolis, IN",IN,39.768402,-86.158066,2013,132743.5
33,"Indianapolis, IN",IN,39.768402,-86.158066,2014,141006.75
33,"Indianapolis, IN",IN,39.768402,-86.158066,2015,144091.75
33,"Indianapolis, IN",IN,39.768402,-86.158066,2016,150211.75
33,"Indianapolis, IN",IN,39.768402,-86.158066,2017,159745.67
33,"Indianapolis, IN",IN,39.768402,-86.158066,2018,172069.75
33,"Indianapolis, IN",IN,39.768402,-86.158066,2019,183444.67
33,"Indianapolis, IN",IN,39.768402,-86.158066,2020,196434.92
33,"Indianapolis, IN",IN,39.768402,-86.158066,2021,227637.33
33,"Indianapolis, IN",IN,39.768402,-86.158066,2022,261840.33
34,"San Jose, CA",CA,37.338207,-121.88633,2000,481621.83
34,"San Jose, CA",CA,37.338207,-121.88633,2001,580088.58
34,"San Jose, CA",CA,37.338207,-121.88633,2002,575236.58
34,"San Jose, CA",CA,37.338207,-121.88633,2003,591707.25
34,"San Jose, CA",CA,37.338207,-121.88633,2004,652726.33
34,"San Jose, CA",CA,37.338207,-121.88633,2005,778918.25
34,"San Jose, CA",CA,37.338207,-121.88633,2006,831177.0
34,"San Jose, CA",CA,37.338207,-121.88633,2007,833056.83
34,"San Jose, CA",CA,37.338207,-121.88633,2008,735949.58
34,"San Jose, CA",CA,37.338207,-121.88633,2009,620703.0
34,"San Jose, CA",CA,37.338207,-121.88633,2010,631971.83
34,"San Jose, CA",CA,37.338207,-121.88633,2011,596010.25
34,"San Jose, CA",CA,37.338207,-121.88633,2012,631040.75
34,"San Jose, CA",CA,37.338207,-121.88633,2013,760882.5
34,"San Jose, CA",CA,37.338207,-121.88633,2014,845803.17
34,"San Jose, CA",CA,37.338207,-121.88633,2015,941878.0
34,"San Jose, CA",CA,37.338207,-121.88633,2016,1015833.67
34,"San Jose, CA",CA,37.338207,-121.88633,2017,1096438.92
34,"San Jose, CA",CA,37.338207,-121.88633,2018,1312472.5
34,"San Jose, CA",CA,37.338207,-121.88633,2019,1224255.17
34,"San Jose, CA",CA,37.338207,-121.88633,2020,1259991.67
34,"San Jose, CA",CA,37.338207,-121.88633,2021,1429169.25
34,"San Jose, CA",CA,37.338207,-121.88633,2022,1645975.83
35,"Austin, TX",TX,30.267153,-97.743057,2000,183547.92
35,"Austin, TX",TX,30.267153,-97.743057,2001,189053.83
35,"Austin, TX",TX,30.267153,-97.743057,2002,188633.58
35,"Austin, TX",TX,30.267153,-97.743057,2003,188431.75
35,"Austin, TX",TX,30.267153,-97.743057,2004,192468.75
35,"Austin, TX",TX,30.267153,-97.743057,2005,199671.58
35,"Austin, TX",TX,30.267153,-97.743057,2006,206040.58
35,"Austin, TX",TX,30.267153,-97.743057,2007,214491.17
35,"Austin, TX",TX,30.267153,-97.743057,2008,217640.0
35,"Austin, TX",TX,30.267153,-97.743057,2009,210374.92
35,"Austin, TX",TX,30.267153,-97.743057,2010,207888.17
35,"Austin, TX",TX,30.267153,-97.743057,2011,201341.08
35,"Austin, TX",TX,30.267153,-97.743057,2012,206413.5
35,"Austin, TX",TX,30.267153,-97.743057,2013,223983.5
35,"Austin, TX",TX,30.267153,-97.743057,2014,247078.58
35,"Austin, TX",TX,30.267153,-97.743057,2015,267978.0
35,"Austin, TX",TX,30.267153,-97.743057,2016,288495.17
35,"Austin, TX",TX,30.267153,-97.743057,2017,303518.83
35,"Austin, TX",TX,30.267153,-97.743057,2018,316396.33
35,"Austin, TX",TX,30.267153,-97.743057,2019,330342.0
35,"Austin, TX",TX,30.267153,-97.743057,2020,351232.17
35,"Austin, TX",TX,30.267153,-97.743057,2021,470990.67
35,"Austin, TX",TX,30.267153,-97.743057,2022,581060.17
36,"Virginia Beach, VA",VA,36.852924,-75.977982,2000,125339.33
36,"Virginia Beach, VA",VA,36.852924,-75.977982,2001,131335.5
36,"Virginia Beach, VA",VA,36.852924,-75.977982,2002,139207.0
36,"Virginia Beach, VA",VA,36.852924,-75.977982,2003,152508.67
36,"Virginia Beach, VA",VA,36.852924,-75.977982,2004,176904.5
36,"Virginia Beach, VA",VA,36.852924,-75.977982,2005,216835.25
36,"Virginia Beach, VA",VA,36.852924,-75.977982,2006,251652.67
36,"Virginia Beach, VA",VA,36.852924,-75.977982,2007,262646.5
36,"Virginia Beach, VA",VA,36.852924,-75.977982,2008,256788.42
36,"Virginia Beach, VA",VA,36.852924,-75.977982,2009,243095.92
36,"Virginia Beach, VA",VA,36.852924,-75.977982,2010,234643.67
36,"Virginia Beach, VA",VA,36.852924,-75.977982,2011,221605.17
36,"Virginia Beach, VA",VA,36.852924,-75.977982,2012,215240.5
36,"Virginia Beach, VA",VA,36.852924,-75.977982,2013,217589.42
36,"Virginia Beach, VA",VA,36.852924,-75.977982,2014,221944.25
36,"Virginia Beach, VA",VA,36.852924,-75.977982,2015,224726.42
36,"Virginia Beach, VA",VA,36.852924,-75.977982,2016,226520.67
36,"Virginia Beach, VA",VA,36.852924,-75.977982,2017,231939.83
36,"Virginia Beach, VA",VA,36.852924,-75.977982,2018,237689.25
36,"Virginia Beach, VA",VA,36.852924,-75.977982,2019,245074.08
36,"Virginia Beach, VA",VA,36.852924,-75.977982,2020,256180.83
36,"Virginia Beach, VA",VA,36.852924,-75.977982,2021,287735.58
36,"Virginia Beach, VA",VA,36.852924,-75.977982,2022,317615.67
37,"Nashville, TN",TN,36.162663,-86.781601,2000,146835.08
37,"Nashville, TN",TN,36.162663,-86.781601,2001,151527.25
37,"Nashville, TN",TN,36.162663,-86.781601,2002,155019.83
37,"Nashville, TN",TN,36.162663,-86.781601,2003,158464.0
37,"Nashville, TN",TN,36.162663,-86.781601,2004,163596.25
37,"Nashville, TN",TN,36.162663,-86.781601,2005,172985.5
37,"Nashville, TN",TN,36.162663,-86.781601,2006,185398.92
37,"Nashville, TN",TN,36.162663,-86.781601,2007,194756.0
37,"Nashville, TN",TN,36.162663,-86.781601,2008,193364.58
37,"Nashville, TN",TN,36.162663,-86.781601,2009,185261.92
37,"Nashville, TN",TN,36.162663,-86.781601,2010,180665.25
37,"Nashville, TN",TN,36.162663,-86.781601,2011,173119.08
37,"Nashville, TN",TN,36.162663,-86.781601,2012,171899.58
37,"Nashville, TN",TN,36.162663,-86.781601,2013,179599.5
37,"Nashville, TN",TN,36.162663,-86.781601,2014,190500.83
37,"Nashville, TN",TN,36.162663,-86.781601,2015,204390.67
37,"Nashville, TN",TN,36.162663,-86.781601,2016,225456.58
37,"Nashville, TN",TN,36.162663,-86.781601,2017,249271.25
37,"Nashville, TN",TN,36.162663,-86.781601,2018,271031.0
37,"Nashville, TN",TN,36.162663,-86.781601,2019,282930.08
37,"Nashville, TN",TN,36.162663,-86.781601,2020,298724.33
37,"Nashville, TN",TN,36.162663,-86.781601,2021,347965.75
37,"Nashville, TN",TN,36.162663,-86.781601,2022,428556.17
38,"Providence, RI",RI,36.311005,-94.127434,2000,160962.92
38,"Providence, RI",RI,36.311005,-94.127434,2001,178977.67
38,"Providence, RI",RI,36.311005,-94.127434,2002,208550.5
38,"Providence, RI",RI,36.311005,-94.127434,2003,249462.08
38,"Providence, RI",RI,36.311005,-94.127434,2004,291455.75
38,"Providence, RI",RI,36.311005,-94.127434,2005,325987.25
38,"Providence, RI",RI,36.311005,-94.127434,2006,336768.33
38,"Providence, RI",RI,36.311005,-94.127434,2007,320901.08
38,"Providence, RI",RI,36.311005,-94.127434,2008,296795.25
38,"Providence, RI",RI,36.311005,-94.127434,2009,264415.08
38,"Providence, RI",RI,36.311005,-94.127434,2010,260426.08
38,"Providence, RI",RI,36.311005,-94.127434,2011,246753.33
38,"Providence, RI",RI,36.311005,-94.127434,2012,234501.42
38,"Providence, RI",RI,36.311005,-94.127434,2013,244017.0
38,"Providence, RI",RI,36.311005,-94.127434,2014,254445.67
38,"Providence, RI",RI,36.311005,-94.127434,2015,259547.5
38,"Providence, RI",RI,36.311005,-94.127434,2016,270860.08
38,"Providence, RI",RI,36.311005,-94.127434,2017,288040.75
38,"Providence, RI",RI,36.311005,-94.127434,2018,307721.92
38,"Providence, RI",RI,36.311005,-94.127434,2019,317316.42
38,"Providence, RI",RI,36.311005,-94.127434,2020,334649.83
38,"Providence, RI",RI,36.311005,-94.127434,2021,392544.5
38,"Providence, RI",RI,36.311005,-94.127434,2022,437549.5
39,"Milwaukee, WI",WI,43.038902,-87.906471,2000,129155.5
39,"Milwaukee, WI",WI,43.038902,-87.906471,2001,136581.5
39,"Milwaukee, WI",WI,43.038902,-87.906471,2002,144932.0
39,"Milwaukee, WI",WI,43.038902,-87.906471,2003,156010.33
39,"Milwaukee, WI",WI,43.038902,-87.906471,2004,169310.58
39,"Milwaukee, WI",WI,43.038902,-87.906471,2005,183903.25
39,"Milwaukee, WI",WI,43.038902,-87.906471,2006,192345.33
39,"Milwaukee, WI",WI,43.038902,-87.906471,2007,193067.17
39,"Milwaukee, WI",WI,43.038902,-87.906471,2008,185763.5
39,"Milwaukee, WI",WI,43.038902,-87.906471,2009,172096.42
39,"Milwaukee, WI",WI,43.038902,-87.906471,2010,169188.92
39,"Milwaukee, WI",WI,43.038902,-87.906471,2011,153535.33
39,"Milwaukee, WI",WI,43.038902,-87.906471,2012,148132.25
39,"Milwaukee, WI",WI,43.038902,-87.906471,2013,150552.5
39,"Milwaukee, WI",WI,43.038902,-87.906471,2014,158360.0
39,"Milwaukee, WI",WI,43.038902,-87.906471,2015,162272.67
39,"Milwaukee, WI",WI,43.038902,-87.906471,2016,170051.58
39,"Milwaukee, WI",WI,43.038902,-87.906471,2017,179244.08
39,"Milwaukee, WI",WI,43.038902,-87.906471,2018,190995.92
39,"Milwaukee, WI",WI,43.038902,-87.906471,2019,199868.08
39,"Milwaukee, WI",WI,43.038902,-87.906471,2020,213925.5
39,"Milwaukee, WI",WI,43.038902,-87.906471,2021,245566.5
39,"Milwaukee, WI",WI,43.038902,-87.906471,2022,265262.33
40,"Jacksonville, FL",FL,30.332184,-81.655647,2000,123224.17
40,"Jacksonville, FL",FL,30.332184,-81.655647,2001,132520.0
40,"Jacksonville, FL",FL,30.332184,-81.655647,2002,142642.33
40,"Jacksonville, FL",FL,30.332184,-81.655647,2003,154445.75
40,"Jacksonville, FL",FL,30.332184,-81.655647,2004,171136.92
40,"Jacksonville, FL",FL,30.332184,-81.655647,2005,196947.42
40,"Jacksonville, FL",FL,30.332184,-81.655647,2006,230183.25
40,"Jacksonville, FL",FL,30.332184,-81.655647,2007,234749.67
40,"Jacksonville, FL",FL,30.332184,-81.655647,2008,213860.75
40,"Jacksonville, FL",FL,30.332184,-81.655647,2009,184393.75
40,"Jacksonville, FL",FL,30.332184,-81.655647,2010,167620.42
40,"Jacksonville, FL",FL,30.332184,-81.655647,2011,147894.67
40,"Jacksonville, FL",FL,30.332184,-81.655647,2012,142435.83
40,"Jacksonville, FL",FL,30.332184,-81.655647,2013,154906.42
40,"Jacksonville, FL",FL,30.332184,-81.655647,2014,169783.67
40,"Jacksonville, FL",FL,30.332184,-81.655647,2015,177258.0
40,"Jacksonville, FL",FL,30.332184,-81.655647,2016,187524.17
40,"Jacksonville, FL",FL,30.332184,-81.655647,2017,202419.75
40,"Jacksonville, FL",FL,30.332184,-81.655647,2018,219023.75
40,"Jacksonville, FL",FL,30.332184,-81.655647,2019,230321.67
40,"Jacksonville, FL",FL,30.332184,-81.655647,2020,242235.17
40,"Jacksonville, FL",FL,30.332184,-81.655647,2021,286152.83
40,"Jacksonville, FL",FL,30.332184,-81.655647,2022,350764.67
41,"Memphis, TN",TN,35.149532,-90.048981,2000,125590.92
41,"Memphis, TN",TN,35.149532,-90.048981,2001,128745.33
41,"Memphis, TN",TN,35.149532,-90.048981,2002,130917.0
41,"Memphis, TN",TN,35.149532,-90.048981,2003,133248.92
41,"Memphis, TN",TN,35.149532,-90.048981,2004,135966.67
41,"Memphis, TN",TN,35.149532,-90.048981,2005,140780.83
41,"Memphis, TN",TN,35.149532,-90.048981,2006,146167.25
41,"Memphis, TN",TN,35.149532,-90.048981,2007,148918.42
41,"Memphis, TN",TN,35.149532,-90.048981,2008,138221.91
41,"Memphis, TN",TN,35.149532,-90.048981,2009,128672.42
41,"Memphis, TN",TN,35.149532,-90.048981,2010,123731.92
41,"Memphis, TN",TN,35.149532,-90.048981,2011,117444.08
41,"Memphis, TN",TN,35.149532,-90.048981,2012,115188.17
41,"Memphis, TN",TN,35.149532,-90.048981,2013,115385.83
41,"Memphis, TN",TN,35.149532,-90.048981,2014,119595.83
41,"Memphis, TN",TN,35.149532,-90.048981,2015,123056.5
41,"Memphis, TN",TN,35.149532,-90.048981,2016,126727.67
41,"Memphis, TN",TN,35.149532,-90.048981,2017,134183.33
41,"Memphis, TN",TN,35.149532,-90.048981,2018,144103.0
41,"Memphis, TN",TN,35.149532,-90.048981,2019,155252.75
41,"Memphis, TN",TN,35.149532,-90.048981,2020,167719.5
41,"Memphis, TN",TN,35.149532,-90.048981,2021,194219.25
41,"Memphis, TN",TN,35.149532,-90.048981,2022,223262.17
42,"Oklahoma City, OK",OK,35.46756,-97.516426,2000,93134.58
42,"Oklahoma City, OK",OK,35.46756,-97.516426,2001,97444.83
42,"Oklahoma City, OK",OK,35.46756,-97.516426,2002,101591.08
42,"Oklahoma City, OK",OK,35.46756,-97.516426,2003,106281.75
42,"Oklahoma City, OK",OK,35.46756,-97.516426,2004,111894.92
42,"Oklahoma City, OK",OK,35.46756,-97.516426,2005,117617.17
42,"Oklahoma City, OK",OK,35.46756,-97.516426,2006,123729.92
42,"Oklahoma City, OK",OK,35.46756,-97.516426,2007,127672.5
42,"Oklahoma City, OK",OK,35.46756,-97.516426,2008,129152.33
42,"Oklahoma City, OK",OK,35.46756,-97.516426,2009,129680.83
42,"Oklahoma City, OK",OK,35.46756,-97.516426,2010,131757.25
42,"Oklahoma City, OK",OK,35.46756,-97.516426,2011,128736.5
42,"Oklahoma City, OK",OK,35.46756,-97.516426,2012,128766.83
42,"Oklahoma City, OK",OK,35.46756,-97.516426,2013,132304.83
42,"Oklahoma City, OK",OK,35.46756,-97.516426,2014,136661.33
42,"Oklahoma City, OK",OK,35.46756,-97.516426,2015,141033.75
42,"Oklahoma City, OK",OK,35.46756,-97.516426,2016,144409.58
42,"Oklahoma City, OK",OK,35.46756,-97.516426,2017,148413.75
42,"Oklahoma City, OK",OK,35.46756,-97.516426,2018,151910.67
42,"Oklahoma City, OK",OK,35.46756,-97.516426,2019,157104.75
42,"Oklahoma City, OK",OK,35.46756,-97.516426,2020,166409.25
42,"Oklahoma City, OK",OK,35.46756,-97.516426,2021,185726.83
42,"Oklahoma City, OK",OK,35.46756,-97.516426,2022,209864.67
43,"Louisville-Jefferson County, KY",KY,38.259411,-85.678008,2000,115354.25
43,"Louisville-Jefferson County, KY",KY,38.259411,-85.678008,2001,123351.0
43,"Louisville-Jefferson County, KY",KY,38.259411,-85.678008,2002,128389.08
43,"Louisville-Jefferson County, KY",KY,38.259411,-85.678008,2003,132355.42
43,"Louisville-Jefferson County, KY",KY,38.259411,-85.678008,2004,134353.83
43,"Louisville-Jefferson County, KY",KY,38.259411,-85.678008,2005,139833.5
43,"Louisville-Jefferson County, KY",KY,38.259411,-85.678008,2006,144483.42
43,"Louisville-Jefferson County, KY",KY,38.259411,-85.678008,2007,146372.25
43,"Louisville-Jefferson County, KY",KY,38.259411,-85.678008,2008,145266.75
43,"Louisville-Jefferson County, KY",KY,38.259411,-85.678008,2009,142850.08
43,"Louisville-Jefferson County, KY",KY,38.259411,-85.678008,2010,141295.75
43,"Louisville-Jefferson County, KY",KY,38.259411,-85.678008,2011,135498.42
43,"Louisville-Jefferson County, KY",KY,38.259411,-85.678008,2012,134159.83
43,"Louisville-Jefferson County, KY",KY,38.259411,-85.678008,2013,135807.33
43,"Louisville-Jefferson County, KY",KY,38.259411,-85.678008,2014,140891.42
43,"Louisville-Jefferson County, KY",KY,38.259411,-85.678008,2015,144787.58
43,"Louisville-Jefferson County, KY",KY,38.259411,-85.678008,2016,151208.67
43,"Louisville-Jefferson County, KY",KY,38.259411,-85.678008,2017,160457.42
43,"Louisville-Jefferson County, KY",KY,38.259411,-85.678008,2018,170806.83
43,"Louisville-Jefferson County, KY",KY,38.259411,-85.678008,2019,178270.67
43,"Louisville-Jefferson County, KY",KY,38.259411,-85.678008,2020,189901.25
43,"Louisville-Jefferson County, KY",KY,38.259411,-85.678008,2021,213451.67
43,"Louisville-Jefferson County, KY",KY,38.259411,-85.678008,2022,234822.0
44,"Hartford, CT",CT,41.765804,-72.67337,2000,165959.5
44,"Hartford, CT",CT,41.765804,-72.67337,2001,178690.92
44,"Hartford, CT",CT,41.765804,-72.67337,2002,193864.75
44,"Hartford, CT",CT,41.765804,-72.67337,2003,214582.83
44,"Hartford, CT",CT,41.765804,-72.67337,2004,235585.25
44,"Hartford, CT",CT,41.765804,-72.67337,2005,261185.0
44,"Hartford, CT",CT,41.765804,-72.67337,2006,280120.58
44,"Hartford, CT",CT,41.765804,-72.67337,2007,282810.58
44,"Hartford, CT",CT,41.765804,-72.67337,2008,270370.83
44,"Hartford, CT",CT,41.765804,-72.67337,2009,254549.83
44,"Hartford, CT",CT,41.765804,-72.67337,2010,246915.25
44,"Hartford, CT",CT,41.765804,-72.67337,2011,233758.92
44,"Hartford, CT",CT,41.765804,-72.67337,2012,222065.58
44,"Hartford, CT",CT,41.765804,-72.67337,2013,226068.08
44,"Hartford, CT",CT,41.765804,-72.67337,2014,228388.17
44,"Hartford, CT",CT,41.765804,-72.67337,2015,224858.92
44,"Hartford, CT",CT,41.765804,-72.67337,2016,226201.92
44,"Hartford, CT",CT,41.765804,-72.67337,2017,231732.75
44,"Hartford, CT",CT,41.765804,-72.67337,2018,236660.92
44,"Hartford, CT",CT,41.765804,-72.67337,2019,238641.42
44,"Hartford, CT",CT,41.765804,-72.67337,2020,246756.5
44,"Hartford, CT",CT,41.765804,-72.67337,2021,283147.92
44,"Hartford, CT",CT,41.765804,-72.67337,2022,311706.0
45,"Richmond, VA",VA,37.540726,-77.43605,2000,134569.5
45,"Richmond, VA",VA,37.540726,-77.43605,2001,140818.17
45,"Richmond, VA",VA,37.540726,-77.43605,2002,150014.5
45,"Richmond, VA",VA,37.540726,-77.43605,2003,162084.92
45,"Richmond, VA",VA,37.540726,-77.43605,2004,178586.5
45,"Richmond, VA",VA,37.540726,-77.43605,2005,202873.25
45,"Richmond, VA",VA,37.540726,-77.43605,2006,228375.25
45,"Richmond, VA",VA,37.540726,-77.43605,2007,238508.0
45,"Richmond, VA",VA,37.540726,-77.43605,2008,233284.0
45,"Richmond, VA",VA,37.540726,-77.43605,2009,219283.92
45,"Richmond, VA",VA,37.540726,-77.43605,2010,209931.5
45,"Richmond, VA",VA,37.540726,-77.43605,2011,196130.5
45,"Richmond, VA",VA,37.540726,-77.43605,2012,190867.5
45,"Richmond, VA",VA,37.540726,-77.43605,2013,197146.25
45,"Richmond, VA",VA,37.540726,-77.43605,2014,203453.33
45,"Richmond, VA",VA,37.540726,-77.43605,2015,207945.67
45,"Richmond, VA",VA,37.540726,-77.43605,2016,214696.83
45,"Richmond, VA",VA,37.540726,-77.43605,2017,226223.33
45,"Richmond, VA",VA,37.540726,-77.43605,2018,237557.83
45,"Richmond, VA",VA,37.540726,-77.43605,2019,248794.08
45,"Richmond, VA",VA,37.540726,-77.43605,2020,260549.75
45,"Richmond, VA",VA,37.540726,-77.43605,2021,292987.75
45,"Richmond, VA",VA,37.540726,-77.43605,2022,321952.17
46,"New Orleans, LA",LA,29.951065,-90.071533,2000,125208.92
46,"New Orleans, LA",LA,29.951065,-90.071533,2001,134287.25
46,"New Orleans, LA",LA,29.951065,-90.071533,2002,141055.17
46,"New Orleans, LA",LA,29.951065,-90.071533,2003,148977.25
46,"New Orleans, LA",LA,29.951065,-90.071533,2004,157387.67
46,"New Orleans, LA",LA,29.951065,-90.071533,2005,166715.92
46,"New Orleans, LA",LA,29.951065,-90.071533,2006,185273.67
46,"New Orleans, LA",LA,29.951065,-90.071533,2007,194282.25
46,"New Orleans, LA",LA,29.951065,-90.071533,2008,190332.33
46,"New Orleans, LA",LA,29.951065,-90.071533,2009,184653.92
46,"New Orleans, LA",LA,29.951065,-90.071533,2010,180116.75
46,"New Orleans, LA",LA,29.951065,-90.071533,2011,173621.0
46,"New Orleans, LA",LA,29.951065,-90.071533,2012,170765.92
46,"New Orleans, LA",LA,29.951065,-90.071533,2013,174681.83
46,"New Orleans, LA",LA,29.951065,-90.071533,2014,180906.17
46,"New Orleans, LA",LA,29.951065,-90.071533,2015,185601.08
46,"New Orleans, LA",LA,29.951065,-90.071533,2016,192185.33
46,"New Orleans, LA",LA,29.951065,-90.071533,2017,197599.58
46,"New Orleans, LA",LA,29.951065,-90.071533,2018,200992.75
46,"New Orleans, LA",LA,29.951065,-90.071533,2019,203444.5
46,"New Orleans, LA",LA,29.951065,-90.071533,2020,214433.0
46,"New Orleans, LA",LA,29.951065,-90.071533,2021,238441.08
46,"New Orleans, LA",LA,29.951065,-90.071533,2022,262806.0
47,"Buffalo, NY",NY,42.886448,-78.878372,2000,95441.25
47,"Buffalo, NY",NY,42.886448,-78.878372,2001,96445.67
47,"Buffalo, NY",NY,42.886448,-78.878372,2002,99653.17
47,"Buffalo, NY",NY,42.886448,-78.878372,2003,103489.45
47,"Buffalo, NY",NY,42.886448,-78.878372,2004,109968.92
47,"Buffalo, NY",NY,42.886448,-78.878372,2005,114736.17
47,"Buffalo, NY",NY,42.886448,-78.878372,2006,120526.58
47,"Buffalo, NY",NY,42.886448,-78.878372,2007,123847.58
47,"Buffalo, NY",NY,42.886448,-78.878372,2008,125823.17
47,"Buffalo, NY",NY,42.886448,-78.878372,2009,127075.0
47,"Buffalo, NY",NY,42.886448,-78.878372,2010,129100.92
47,"Buffalo, NY",NY,42.886448,-78.878372,2011,127842.92
47,"Buffalo, NY",NY,42.886448,-78.878372,2012,126910.0
47,"Buffalo, NY",NY,42.886448,-78.878372,2013,130728.0
47,"Buffalo, NY",NY,42.886448,-78.878372,2014,135784.58
47,"Buffalo, NY",NY,42.886448,-78.878372,2015,138498.75
47,"Buffalo, NY",NY,42.886448,-78.878372,2016,143583.75
47,"Buffalo, NY",NY,42.886448,-78.878372,2017,153275.08
47,"Buffalo, NY",NY,42.886448,-78.878372,2018,163685.33
47,"Buffalo, NY",NY,42.886448,-78.878372,2019,173093.5
47,"Buffalo, NY",NY,42.886448,-78.878372,2020,183482.58
47,"Buffalo, NY",NY,42.886448,-78.878372,2021,215714.08
47,"Buffalo, NY",NY,42.886448,-78.878372,2022,240133.0
48,"Raleigh, NC",NC,35.779591,-78.638176,2000,179948.25
48,"Raleigh, NC",NC,35.779591,-78.638176,2001,185162.17
48,"Raleigh, NC",NC,35.779591,-78.638176,2002,188158.08
48,"Raleigh, NC",NC,35.779591,-78.638176,2003,190930.17
48,"Raleigh, NC",NC,35.779591,-78.638176,2004,195347.5
48,"Raleigh, NC",NC,35.779591,-78.638176,2005,202736.42
48,"Raleigh, NC",NC,35.779591,-78.638176,2006,214997.92
48,"Raleigh, NC",NC,35.779591,-78.638176,2007,226960.17
48,"Raleigh, NC",NC,35.779591,-78.638176,2008,227241.08
48,"Raleigh, NC",NC,35.779591,-78.638176,2009,218416.75
48,"Raleigh, NC",NC,35.779591,-78.638176,2010,214554.92
48,"Raleigh, NC",NC,35.779591,-78.638176,2011,204445.75
48,"Raleigh, NC",NC,35.779591,-78.638176,2012,200983.0
48,"Raleigh, NC",NC,35.779591,-78.638176,2013,208301.33
48,"Raleigh, NC",NC,35.779591,-78.638176,2014,217005.83
48,"Raleigh, NC",NC,35.779591,-78.638176,2015,226617.67
48,"Raleigh, NC",NC,35.779591,-78.638176,2016,238640.5
48,"Raleigh, NC",NC,35.779591,-78.638176,2017,253882.17
48,"Raleigh, NC",NC,35.779591,-78.638176,2018,267853.5
48,"Raleigh, NC",NC,35.779591,-78.638176,2019,281343.67
48,"Raleigh, NC",NC,35.779591,-78.638176,2020,293532.58
48,"Raleigh, NC",NC,35.779591,-78.638176,2021,350200.83
48,"Raleigh, NC",NC,35.779591,-78.638176,2022,436638.83
49,"Birmingham, AL",AL,33.518589,-86.810356,2000,123459.5
49,"Birmingham, AL",AL,33.518589,-86.810356,2001,128435.67
49,"Birmingham, AL",AL,33.518589,-86.810356,2002,132928.08
49,"Birmingham, AL",AL,33.518589,-86.810356,2003,138054.5
49,"Birmingham, AL",AL,33.518589,-86.810356,2004,144542.75
49,"Birmingham, AL",AL,33.518589,-86.810356,2005,153240.67
49,"Birmingham, AL",AL,33.518589,-86.810356,2006,162972.33
49,"Birmingham, AL",AL,33.518589,-86.810356,2007,168797.08
49,"Birmingham, AL",AL,33.518589,-86.810356,2008,163929.58
49,"Birmingham, AL",AL,33.518589,-86.810356,2009,153125.42
49,"Birmingham, AL",AL,33.518589,-86.810356,2010,148902.33
49,"Birmingham, AL",AL,33.518589,-86.810356,2011,142210.17
49,"Birmingham, AL",AL,33.518589,-86.810356,2012,137516.75
49,"Birmingham, AL",AL,33.518589,-86.810356,2013,140317.17
49,"Birmingham, AL",AL,33.518589,-86.810356,2014,143043.33
49,"Birmingham, AL",AL,33.518589,-86.810356,2015,146996.33
49,"Birmingham, AL",AL,33.518589,-86.810356,2016,150999.33
49,"Birmingham, AL",AL,33.518589,-86.810356,2017,156791.83
49,"Birmingham, AL",AL,33.518589,-86.810356,2018,164233.83
49,"Birmingham, AL",AL,33.518589,-86.810356,2019,173202.92
49,"Birmingham, AL",AL,33.518589,-86.810356,2020,186277.42
49,"Birmingham, AL",AL,33.518589,-86.810356,2021,210943.75
49,"Birmingham, AL",AL,33.518589,-86.810356,2022,237644.67
50,"Salt Lake City, UT",UT,40.76078,-111.891045,2000,192935.5
50,"Salt Lake City, UT",UT,40.76078,-111.891045,2001,198604.92
50,"Salt Lake City, UT",UT,40.76078,-111.891045,2002,200154.5
50,"Salt Lake City, UT",UT,40.76078,-111.891045,2003,200309.08
50,"Salt Lake City, UT",UT,40.76078,-111.891045,2004,202683.0
50,"Salt Lake City, UT",UT,40.76078,-111.891045,2005,206191.17
50,"Salt Lake City, UT",UT,40.76078,-111.891045,2006,230498.17
50,"Salt Lake City, UT",UT,40.76078,-111.891045,2007,273498.58
50,"Salt Lake City, UT",UT,40.76078,-111.891045,2008,276130.33
50,"Salt Lake City, UT",UT,40.76078,-111.891045,2009,247833.17
50,"Salt Lake City, UT",UT,40.76078,-111.891045,2010,233071.75
50,"Salt Lake City, UT",UT,40.76078,-111.891045,2011,213789.83
50,"Salt Lake City, UT",UT,40.76078,-111.891045,2012,216099.0
50,"Salt Lake City, UT",UT,40.76078,-111.891045,2013,243439.17
50,"Salt Lake City, UT",UT,40.76078,-111.891045,2014,258715.5
50,"Salt Lake City, UT",UT,40.76078,-111.891045,2015,273049.5
50,"Salt Lake City, UT",UT,40.76078,-111.891045,2016,294869.67
50,"Salt Lake City, UT",UT,40.76078,-111.891045,2017,322229.42
50,"Salt Lake City, UT",UT,40.76078,-111.891045,2018,351403.25
50,"Salt Lake City, UT",UT,40.76078,-111.891045,2019,378918.33
50,"Salt Lake City, UT",UT,40.76078,-111.891045,2020,406968.08
50,"Salt Lake City, UT",UT,40.76078,-111.891045,2021,500347.0
50,"Salt Lake City, UT",UT,40.76078,-111.891045,2022,593006.67
